a1,a2,a3,a4,a5,a6,a7,a8,a9,a10,a11,a12,a13,a14,a15,a16,a17,c1,c2,c3,c4,c5,c6,c7,c8,c9,c10,c11,c12,c13
1,0,0,1,1,1,1,0,0,0,0,0,1,0,0,0,1,0,1,0,0,0,0,0,1,0,0,0,0,0
0,0,1,1,0,0,0,1,1,0,0,0,1,0,1,0,0,1,1,1,0,0,0,0,0,0,0,0,0,0
0,0,1,1,0,0,0,0,1,1,0,0,1,0,1,0,0,1,0,1,0,0,0,1,1,1,0,1,1,1
1,1,0,1,0,0,0,0,1,1,1,0,1,1,1,0,1,1,1,1,0,0,0,1,1,1,0,1,1,0
1,1,0,1,1,1,1,1,1,1,1,1,1,0,1,1,1,1,1,1,1,1,1,1,1,1,1,0,1,1
0,1,1,1,1,1,0,0,1,1,1,1,1,1,0,1,1,1,1,1,1,0,1,1,1,1,1,1,1,1
1,0,1,0,0,0,0,0,1,0,1,0,1,0,0,0,0,1,1,1,0,0,1,1,1,1,0,0,1,0
0,1,1,1,1,0,0,0,1,1,1,0,0,0,1,0,0,0,0,0,0,0,0,1,0,1,0,0,1,0
1,0,1,1,0,0,0,0,1,1,0,0,1,0,0,0,0,1,1,1,0,0,0,0,1,0,0,1,0,0
1,0,1,1,0,1,1,0,0,1,1,0,1,0,1,0,1,1,0,1,0,0,0,0,1,0,0,1,0,1
0,0,0,1,0,1,0,0,1,1,1,0,1,0,1,1,1,1,0,1,0,0,1,1,1,0,0,0,1,0
0,1,1,1,0,1,1,0,1,1,1,0,1,0,1,0,1,1,1,1,1,0,1,0,1,1,0,1,1,1
1,0,1,0,1,1,1,0,1,1,0,0,1,0,1,0,0,1,0,1,0,0,0,1,1,0,0,1,1,1
0,0,0,0,0,0,0,0,0,0,0,0,1,0,1,0,0,0,0,0,0,0,0,0,0,0,0,0,0,0
1,0,0,0,1,0,0,0,0,0,1,0,0,0,1,0,0,0,0,0,1,0,0,1,1,0,0,0,1,0
1,1,1,1,0,1,1,0,1,1,1,0,1,0,0,1,0,1,1,1,1,0,0,1,1,0,0,1,0,1
1,0,0,1,1,0,0,0,1,0,0,0,1,0,1,0,0,0,1,1,1,0,1,0,1,0,0,1,1,0
0,1,1,0,0,0,0,0,0,1,0,0,0,0,1,0,0,0,0,0,0,0,0,0,0,0,0,0,0,0
1,0,0,0,1,0,0,0,1,1,1,0,0,0,1,0,0,1,0,0,0,0,1,0,1,1,0,1,0,1
1,1,1,1,1,1,0,0,1,1,1,1,1,0,1,1,1,1,0,1,1,0,1,1,1,1,0,1,1,1
1,0,1,1,1,1,1,1,1,1,1,0,1,1,1,1,0,1,1,1,0,0,0,1,1,0,0,0,1,0
1,0,1,1,0,1,1,0,1,1,1,1,0,1,1,1,0,1,1,1,1,0,0,0,1,0,0,1,1,1
1,1,1,1,1,1,1,0,1,0,1,1,1,1,1,1,1,1,1,1,1,0,0,1,1,0,0,1,1,1
1,1,1,1,0,1,1,0,1,1,0,0,1,1,1,0,1,1,1,1,0,0,0,0,1,0,0,0,0,0
0,1,1,0,1,0,0,0,0,0,0,0,1,0,1,0,0,0,1,0,0,0,0,1,1,0,0,0,0,0
1,0,1,1,1,1,0,0,1,1,1,0,1,0,1,1,1,1,0,1,1,1,0,1,1,1,0,1,0,0
1,0,0,0,0,0,0,0,0,0,0,0,0,0,1,0,0,0,1,0,0,0,1,0,0,0,0,0,0,1
0,1,1,1,0,1,1,0,1,0,1,0,1,0,1,1,1,1,0,1,0,1,1,1,1,1,0,0,1,1
1,0,0,1,1,0,0,0,0,1,0,0,1,0,0,0,0,1,0,0,0,0,1,1,1,0,0,0,0,0
1,0,0,1,1,1,1,0,0,1,0,0,0,1,0,0,0,0,1,0,0,0,0,1,0,0,1,1,1,0
0,1,1,0,0,0,0,0,0,0,0,0,1,0,1,0,0,0,0,0,0,0,1,1,0,0,0,1,0,0
0,0,1,1,0,0,0,0,0,0,0,0,0,0,0,0,0,0,1,0,0,0,0,0,0,0,0,0,0,0
0,0,1,0,0,0,0,0,0,0,0,0,1,0,0,0,0,0,0,0,0,0,0,0,0,0,0,0,0,0
1,1,1,1,0,0,0,0,0,0,0,0,0,0,1,0,0,0,1,1,0,0,0,1,1,0,0,0,1,0
1,1,0,1,0,0,0,0,1,1,0,0,0,0,1,1,0,0,1,0,0,0,0,0,0,1,0,0,1,1
1,0,1,1,1,1,1,0,1,0,1,0,1,0,1,1,0,1,1,1,1,1,0,1,1,0,0,1,1,1
1,1,1,1,1,1,1,1,1,1,1,1,1,1,1,1,1,1,1,1,1,0,1,1,1,1,0,1,1,1
0,1,1,1,1,1,1,0,1,1,1,1,1,0,1,1,1,1,0,1,1,0,0,0,1,0,0,1,1,1
0,0,1,1,1,1,0,0,1,0,1,0,1,0,0,0,0,1,0,1,1,0,0,1,0,0,0,1,0,0
1,0,0,1,0,0,1,0,1,1,0,0,1,1,1,0,1,1,0,1,1,0,0,0,1,0,0,0,0,0
0,0,1,0,0,1,1,0,0,0,1,0,1,0,0,1,0,1,0,1,0,0,0,1,1,0,0,1,1,1
0,1,1,1,1,1,1,0,1,1,1,0,1,1,1,1,0,1,1,1,1,0,0,1,1,1,0,0,0,0
1,0,1,1,1,1,1,0,1,1,1,1,1,1,1,1,0,1,0,1,1,0,1,0,1,1,0,0,1,1
1,0,0,1,1,0,0,0,1,1,1,0,1,0,1,1,1,1,1,1,1,0,0,0,1,0,0,0,0,0
0,0,1,0,1,1,1,0,1,1,0,0,0,0,1,1,1,0,0,0,1,0,1,1,1,1,0,0,1,1
1,0,1,1,1,1,1,0,1,0,1,0,1,0,1,1,1,1,1,1,1,1,1,1,1,0,0,0,1,1
0,0,1,1,1,1,1,0,1,1,1,0,1,0,1,0,0,0,0,0,0,0,1,1,1,0,0,1,1,0
1,0,0,0,1,1,1,0,1,1,0,0,1,1,0,0,0,0,0,0,0,0,0,0,0,0,0,0,0,0
1,0,1,1,1,1,1,1,1,1,1,1,1,1,1,1,1,1,1,1,1,0,1,1,1,1,0,1,1,1
1,1,0,1,0,1,1,0,1,1,1,0,1,1,1,1,1,1,1,1,1,1,1,1,1,1,0,1,1,1
1,0,1,0,0,0,0,0,0,0,0,0,1,0,1,0,0,1,0,0,0,0,0,0,0,0,0,1,1,0
0,0,1,1,1,0,0,0,0,0,0,0,0,0,1,0,0,1,1,0,0,0,1,0,1,0,0,1,0,1
1,1,1,1,1,0,0,0,1,1,1,1,0,0,1,1,1,1,1,1,1,1,1,1,1,0,0,0,0,0
1,1,1,1,1,1,1,0,1,1,1,0,1,0,1,1,1,1,1,1,1,0,0,1,1,1,0,0,1,0
0,0,1,0,0,0,0,0,0,1,0,0,0,0,1,0,0,1,0,0,0,0,0,0,0,0,0,1,1,1
0,0,0,1,0,1,0,0,1,0,1,0,1,0,1,1,0,1,0,0,1,0,0,0,0,0,0,0,0,0
1,0,1,1,0,1,1,0,1,1,1,1,1,1,1,1,0,0,1,1,1,0,0,1,1,1,0,1,1,0
1,1,1,1,1,1,1,0,1,1,1,1,1,1,1,1,1,1,1,1,1,0,0,1,1,1,1,1,1,1
0,0,0,0,1,0,0,0,0,1,0,0,1,0,1,0,0,1,1,0,0,0,1,0,1,0,0,0,0,1
1,0,0,1,1,0,0,0,1,0,0,0,1,0,1,0,0,0,1,0,1,0,1,1,1,0,0,1,1,1
1,0,1,1,1,1,0,0,1,1,1,1,1,0,1,1,1,1,1,1,1,0,0,1,1,0,0,1,1,1
1,0,1,0,0,1,1,0,1,1,0,0,1,0,1,0,0,1,1,1,1,0,1,0,1,0,0,0,1,1
1,0,0,1,0,0,0,0,1,0,0,0,1,0,1,1,0,0,0,0,0,0,0,1,1,0,0,0,0,1
0,1,0,1,0,0,0,0,1,0,1,0,0,0,1,1,0,0,1,0,0,0,0,0,1,0,0,1,0,1
0,1,0,0,0,0,0,0,1,0,0,0,1,0,1,0,0,0,0,0,0,0,1,0,0,1,0,0,0,0
0,1,0,0,0,0,0,0,1,0,1,0,1,0,1,0,0,1,1,0,0,0,0,1,1,0,0,0,0,0
1,1,0,0,1,1,1,0,1,1,0,0,1,1,1,0,0,0,1,1,1,0,0,1,1,0,0,0,1,1
0,0,0,0,0,0,0,0,1,0,0,0,0,0,0,0,0,0,1,0,0,0,0,0,0,0,0,0,1,0
1,0,0,1,1,1,0,0,1,1,0,0,1,0,1,1,0,0,1,0,0,0,0,1,1,0,0,0,0,0
1,1,1,1,1,1,1,0,1,1,1,1,1,1,1,1,1,1,1,1,1,1,1,1,1,1,1,1,1,1
1,1,1,1,1,1,1,0,1,1,1,1,1,0,1,1,1,1,1,1,1,1,1,1,1,1,0,1,0,1
1,1,1,1,0,1,1,0,1,1,1,0,1,0,1,1,1,1,1,1,1,1,1,0,0,0,0,1,0,1
0,1,1,1,1,1,1,0,1,0,1,1,1,1,0,1,1,1,1,1,1,0,0,1,1,0,0,1,1,1
1,0,1,0,1,0,0,0,0,1,1,0,1,0,1,1,0,0,0,0,0,0,0,1,1,0,0,0,0,0
1,0,1,1,0,0,0,0,1,1,1,0,1,1,1,0,0,0,0,0,0,0,0,0,1,0,0,0,0,0
1,1,1,1,1,1,1,1,1,1,1,0,1,1,1,1,1,1,1,1,1,0,0,1,1,1,0,1,0,1
1,0,1,1,0,1,1,0,1,1,1,0,1,0,1,1,1,1,1,1,0,0,1,1,1,1,0,1,1,1
0,0,0,1,1,1,1,0,1,1,0,0,1,0,1,1,0,1,0,1,0,0,0,1,1,0,0,0,1,1
0,0,0,1,0,1,0,1,1,1,1,0,0,0,1,1,0,1,0,0,0,0,0,1,1,0,0,0,0,0
1,1,1,1,0,0,0,0,1,1,1,0,0,0,1,1,0,1,0,1,0,0,0,0,1,0,0,0,0,0
1,1,0,1,1,1,1,0,1,0,0,0,0,0,1,1,0,0,1,1,0,0,0,1,1,1,0,0,0,1
1,0,0,1,1,1,0,0,1,1,1,1,1,0,1,0,0,0,1,1,0,0,0,0,1,0,0,1,0,0
0,0,1,1,1,0,0,0,1,1,1,0,0,0,1,0,0,1,1,0,0,0,0,1,0,1,0,0,0,0
1,1,1,1,1,1,1,0,1,1,1,1,1,0,1,0,1,1,1,0,1,0,0,1,0,1,0,0,1,0
1,0,1,1,1,0,0,0,1,0,1,0,1,1,1,1,1,1,0,1,1,0,1,1,1,0,0,1,1,1
1,0,1,0,0,0,0,0,0,0,1,0,1,0,1,0,0,0,1,0,0,0,0,0,1,1,0,0,1,1
1,1,1,1,1,1,0,1,1,1,1,0,1,0,0,1,1,1,0,1,0,0,0,0,0,0,0,0,0,0
1,1,1,1,1,1,1,0,1,1,1,0,1,1,1,1,0,1,1,1,0,0,0,0,1,0,0,1,1,1
1,0,1,1,1,0,0,0,0,1,0,0,0,0,0,0,0,1,0,0,0,0,0,1,1,1,0,0,1,0
0,0,1,0,0,0,0,0,0,1,0,0,0,0,1,0,0,1,1,0,0,0,0,0,1,0,0,0,0,0
1,1,1,1,1,0,0,0,1,0,1,0,0,0,1,1,1,0,0,0,1,0,0,1,0,0,0,0,0,0
1,0,1,1,1,1,1,1,1,1,1,0,1,1,1,1,0,1,1,1,1,0,0,1,1,1,0,1,1,1
1,0,1,1,1,1,1,0,1,1,1,1,1,0,1,1,1,1,1,1,1,0,0,1,0,0,0,0,0,1
1,1,0,1,0,0,0,0,1,0,1,0,0,0,0,0,0,0,0,0,0,0,0,1,1,1,0,1,1,0
1,1,1,1,0,1,1,0,1,1,1,1,1,0,1,0,0,1,1,1,1,0,0,1,1,0,1,1,1,1
1,0,1,1,1,0,0,0,1,0,1,0,1,0,1,0,1,1,0,1,1,0,1,1,1,1,0,1,1,1
0,0,1,0,0,0,0,0,0,0,1,0,1,0,0,0,0,0,0,0,0,0,0,0,0,0,0,1,0,1
0,1,0,0,0,0,0,0,0,1,0,0,0,0,0,0,0,0,1,0,0,0,0,0,0,1,0,1,0,0
1,1,1,1,0,1,0,0,0,1,1,0,0,0,1,0,0,1,0,0,0,0,0,0,1,0,0,0,0,0
0,1,1,1,0,0,0,0,1,1,1,0,0,0,1,0,0,1,1,1,0,0,0,1,1,1,0,0,0,1
1,0,1,1,1,0,0,0,1,0,1,0,1,0,1,0,0,1,0,0,0,0,0,0,0,0,0,0,0,0
1,1,0,1,0,1,0,0,1,1,0,0,0,0,1,0,0,0,0,1,0,0,1,1,1,1,0,0,1,0
1,0,0,1,0,0,0,0,0,1,0,0,0,1,0,0,0,0,1,0,0,0,0,0,0,0,0,1,0,0
1,1,1,1,1,1,1,0,1,1,1,1,1,1,1,1,1,1,1,1,1,0,1,0,1,1,0,1,1,1
1,1,1,1,1,1,1,0,1,1,1,1,1,1,1,1,1,1,0,1,1,1,1,1,1,0,0,0,1,1
1,0,1,1,0,0,0,0,1,1,1,0,1,0,1,0,0,0,1,0,0,0,1,0,1,0,0,0,1,0
1,0,1,1,1,0,0,0,1,0,1,0,1,1,1,1,1,0,1,0,1,0,1,1,1,0,0,1,0,1
1,1,1,0,1,1,1,0,1,1,0,0,1,0,1,1,1,1,1,1,0,0,0,0,1,1,0,1,1,1
1,0,1,1,1,1,0,0,1,1,1,0,1,0,1,1,1,1,1,1,1,1,0,1,1,0,0,1,1,1
1,1,1,1,1,1,1,0,1,1,1,1,1,1,1,1,0,1,1,1,1,1,0,1,1,1,1,0,1,1
1,0,1,1,1,1,1,0,1,1,1,1,1,0,1,1,1,1,0,1,1,0,1,1,1,0,0,1,0,0
1,1,1,1,0,1,0,0,0,1,1,0,1,0,0,0,0,1,1,0,1,0,1,1,1,0,0,1,1,1
1,1,1,1,0,1,0,0,1,1,1,0,0,0,1,1,1,0,1,1,1,0,1,0,0,0,0,1,0,1
1,1,1,1,1,1,1,0,1,1,1,1,1,0,1,1,1,1,0,1,1,0,0,0,0,0,0,0,0,0
1,0,0,1,1,0,0,0,1,1,1,0,0,0,0,0,0,0,0,0,0,0,0,0,1,0,0,1,1,0
0,1,1,0,1,0,0,0,1,0,1,0,0,0,0,0,0,1,1,0,0,0,0,0,0,0,0,1,1,0
0,1,0,0,0,0,0,0,1,1,0,0,0,0,1,0,0,0,1,0,0,0,0,0,0,0,0,0,0,0
1,1,1,1,0,1,0,0,1,1,0,0,1,0,0,1,0,0,0,1,0,0,0,1,1,0,0,0,1,0
1,1,1,1,1,1,1,0,1,1,1,0,1,0,1,1,0,1,1,1,1,0,0,0,0,0,0,0,1,0
1,1,1,1,1,1,1,0,1,0,1,0,1,0,1,1,1,1,1,1,1,0,0,1,1,0,0,1,0,1
1,0,0,1,0,1,0,0,1,1,1,0,1,0,1,1,1,1,1,1,1,0,0,0,1,0,0,1,0,1
1,0,0,1,0,1,1,0,1,0,0,0,1,0,0,0,0,0,0,0,0,0,0,0,0,0,0,0,0,0
1,1,0,1,1,1,1,0,0,1,1,0,1,0,1,1,1,1,0,1,0,0,0,1,1,1,0,0,0,1
0,1,0,1,1,1,1,0,1,1,1,0,1,0,1,1,0,1,1,1,1,1,0,1,1,1,0,1,0,1
0,0,1,1,1,0,0,0,1,0,1,0,1,0,0,0,0,0,0,1,0,0,0,0,0,1,0,0,0,1
0,0,0,0,1,0,0,0,0,1,0,0,0,0,0,0,0,0,0,0,0,0,0,1,1,0,0,1,1,0
1,0,1,1,0,1,1,0,1,1,1,1,1,0,1,1,1,1,1,1,0,0,0,1,1,1,0,0,0,0
1,1,1,0,1,0,0,1,1,0,1,1,1,1,0,1,0,1,1,1,0,0,0,1,1,1,0,0,0,1
0,0,0,1,1,0,0,0,1,1,0,0,0,0,0,0,0,1,0,0,0,0,1,0,0,0,0,0,0,0
1,0,1,0,1,1,1,1,0,1,0,0,1,0,1,1,0,1,0,1,1,0,1,1,1,0,0,1,0,0
1,1,0,0,1,0,0,0,1,1,0,0,0,0,0,0,0,0,0,0,0,0,0,0,1,0,0,0,1,0
1,0,1,1,1,0,0,0,0,1,1,0,1,0,1,0,1,1,1,0,1,0,0,1,1,1,0,1,1,1
0,0,0,1,0,0,0,0,0,1,1,0,0,0,1,0,0,1,0,0,0,0,0,1,1,0,0,1,1,1
1,0,1,1,0,0,0,0,0,1,1,0,0,0,1,0,0,0,1,0,0,0,1,1,1,0,0,0,0,0
0,0,1,1,0,1,1,0,1,1,0,0,1,0,1,1,0,1,1,0,0,0,0,0,0,0,0,0,0,0
1,1,1,1,1,0,0,1,1,1,1,1,1,0,1,1,0,1,1,1,1,0,0,1,1,1,0,1,0,1
1,1,1,0,1,1,1,1,1,0,0,1,1,1,1,1,0,0,1,0,0,0,0,1,1,0,0,1,0,0
1,1,1,0,1,0,0,0,1,1,1,0,1,0,0,1,0,1,0,1,0,0,0,0,1,0,0,1,0,1
1,1,1,1,0,1,1,0,1,1,1,0,1,0,1,1,0,1,1,1,1,0,0,0,1,1,0,1,1,1
1,1,0,1,1,1,0,0,1,1,0,0,0,0,1,1,0,1,1,0,0,0,0,1,1,0,0,1,0,1
0,0,1,1,0,0,1,0,1,1,1,0,1,0,1,1,0,0,0,0,1,0,1,0,1,0,0,0,1,0
1,1,1,1,0,0,1,0,1,1,1,1,1,1,1,1,0,1,1,0,0,0,0,1,1,1,0,1,0,1
1,1,1,1,1,1,0,0,1,1,1,0,1,1,1,0,1,1,1,1,1,0,0,1,1,1,0,1,0,1
1,1,1,1,0,0,0,0,1,0,1,0,1,1,1,0,0,0,1,1,0,0,0,0,1,0,0,0,0,1
1,0,1,1,0,1,1,0,1,1,1,0,1,0,1,0,0,0,1,0,0,0,0,0,1,1,0,1,0,1
0,1,1,1,1,1,0,0,1,1,1,0,1,1,1,1,0,0,0,1,1,0,0,1,1,1,0,0,0,1
1,1,1,1,1,1,1,1,1,1,1,0,1,1,1,1,1,1,1,1,1,0,0,1,1,1,0,0,0,1
0,0,1,1,0,1,0,0,0,1,1,0,1,0,1,1,0,1,0,0,1,0,0,0,1,1,0,0,0,1
0,1,1,1,1,0,0,0,1,1,1,1,1,0,1,0,0,1,1,1,1,0,1,1,1,0,0,1,1,1
1,1,1,1,1,1,1,0,1,1,1,0,1,1,1,1,0,1,1,1,1,1,1,1,1,0,1,1,1,1
0,0,1,0,0,0,0,0,1,1,0,0,1,0,1,0,0,0,0,0,0,0,0,0,1,0,0,0,0,0
0,0,1,0,1,0,0,0,1,1,0,0,1,0,1,0,0,0,0,1,0,0,1,0,1,0,0,1,1,0
1,1,1,0,1,1,1,0,1,1,0,0,1,0,1,1,1,0,1,0,1,0,0,1,1,1,0,1,1,1
0,0,1,0,0,0,0,0,0,0,0,0,1,0,1,0,0,0,1,0,0,0,1,0,1,1,0,0,0,0
0,0,0,1,0,0,0,0,1,0,0,0,1,0,0,0,0,0,1,1,0,0,0,1,1,0,0,0,1,0
0,0,1,1,0,0,0,0,0,0,0,0,0,0,1,0,0,0,0,0,0,0,1,0,0,0,0,1,0,0
0,0,0,1,0,0,0,0,0,0,0,0,1,0,1,0,0,0,0,0,0,0,0,0,1,0,0,0,0,0
0,0,1,0,0,0,0,0,0,0,0,0,1,1,1,0,0,0,1,0,0,0,0,1,1,0,0,0,1,0
1,0,1,1,0,0,0,0,1,0,1,0,1,1,1,0,0,1,0,0,0,0,0,1,1,0,0,0,1,0
1,0,1,1,1,1,1,0,0,1,0,0,1,0,1,1,1,1,1,1,0,0,0,1,1,0,0,1,0,0
1,0,1,1,0,1,1,0,1,1,1,1,1,0,0,1,1,1,1,1,1,1,1,1,0,0,0,0,0,0
0,0,1,0,1,1,1,0,1,1,1,0,1,0,1,0,0,1,1,0,0,0,0,0,0,0,0,1,0,1
0,0,1,1,1,1,1,0,1,1,0,0,0,0,1,1,0,0,1,1,0,1,0,0,1,1,0,1,0,1
1,0,1,1,1,1,0,0,1,1,1,1,1,0,1,1,1,1,1,1,1,1,0,1,1,1,0,1,1,1
1,1,0,1,1,1,1,1,1,1,1,1,1,0,1,1,1,1,1,1,1,1,1,1,1,1,0,1,0,1
1,0,1,1,0,0,0,0,1,1,1,0,1,0,1,0,0,1,1,1,0,0,1,1,1,0,0,1,0,0
1,1,1,1,1,1,1,0,1,1,1,1,1,0,1,1,1,0,1,1,1,0,0,0,1,0,0,1,1,1
1,0,1,1,0,1,0,0,1,1,1,0,1,1,1,1,1,1,1,0,0,0,1,1,1,0,0,1,0,1
1,0,1,1,0,0,0,0,1,0,1,0,1,0,1,1,1,1,1,1,0,0,0,1,1,1,0,1,0,1
0,0,1,0,1,1,1,0,1,1,0,0,1,0,1,1,0,0,0,1,0,1,0,0,1,0,0,0,1,1
0,0,1,0,1,0,0,0,0,1,1,0,1,0,0,0,0,0,0,0,0,0,0,1,1,0,0,1,0,0
0,0,1,0,1,0,0,0,0,0,0,0,0,0,1,0,0,0,0,0,0,0,0,0,1,1,0,0,0,0
1,0,0,1,0,1,1,0,0,0,0,0,1,0,1,0,0,1,1,0,1,0,0,1,1,0,0,1,1,1
1,1,1,1,1,1,1,0,1,1,1,0,1,1,1,1,1,1,1,1,1,1,0,0,1,1,0,1,1,1
1,0,1,1,0,1,1,0,1,0,0,0,1,0,1,0,0,0,0,1,1,0,0,0,1,0,0,0,1,1
1,1,1,1,0,1,1,1,1,0,0,0,1,1,0,1,0,1,1,1,1,0,1,0,1,0,0,0,1,1
1,0,1,1,1,1,1,1,1,1,1,0,1,0,1,1,1,1,1,1,1,0,0,1,1,1,0,1,1,0
1,1,1,1,0,1,1,1,1,1,1,0,1,1,1,0,1,1,1,1,1,0,1,1,1,1,0,1,0,0
1,0,1,1,1,1,1,0,1,1,1,0,1,0,1,1,0,1,1,1,0,0,0,0,1,0,1,1,0,1
1,1,1,1,0,1,0,0,1,0,1,1,1,0,1,1,1,0,1,0,0,0,1,1,1,0,0,0,0,1
0,0,0,1,0,1,1,1,1,1,1,0,0,0,1,1,0,1,1,0,0,0,0,0,1,1,0,1,1,0
1,0,0,1,0,1,0,0,0,1,1,0,1,0,1,0,0,0,0,0,0,0,0,0,0,0,0,0,0,0
0,0,0,0,0,0,0,0,0,0,0,0,0,0,0,0,0,1,1,0,0,0,0,0,0,0,0,0,0,0
1,0,0,1,1,0,0,0,1,1,0,0,1,0,1,0,0,0,1,1,0,0,1,1,0,0,0,0,1,1
1,0,0,1,0,1,1,1,1,1,1,0,1,0,1,1,0,1,1,1,1,0,0,1,1,0,0,0,1,1
1,1,1,1,1,1,0,0,1,0,1,0,1,0,1,0,0,0,0,1,1,0,1,1,1,0,0,1,0,0
1,1,1,1,1,1,0,1,1,1,0,1,1,0,1,1,1,1,1,0,1,0,0,1,1,0,0,1,0,1
1,0,1,1,1,0,0,0,1,1,0,0,1,0,1,1,1,1,1,1,1,1,0,1,1,1,0,1,0,1
0,1,1,1,1,0,0,0,1,1,1,0,1,0,1,1,1,1,0,0,0,1,1,1,0,0,0,1,0,0
1,0,0,1,0,0,0,0,0,1,0,0,1,0,1,1,1,0,1,0,0,0,0,0,1,0,0,0,1,0
1,1,1,1,1,1,1,0,1,1,0,1,1,0,1,1,1,1,1,1,0,0,0,1,1,0,0,1,0,1
0,0,0,1,1,1,1,1,1,1,0,0,1,0,1,1,0,0,0,0,0,0,1,1,1,0,0,1,1,1
0,0,1,1,0,0,0,0,0,1,1,0,0,0,1,0,0,0,1,0,0,0,1,0,1,0,0,0,1,0
1,1,1,1,1,1,1,1,1,1,1,1,1,0,1,1,1,0,0,1,0,1,1,1,1,0,0,1,0,1
1,1,1,1,1,1,1,1,1,0,1,1,1,1,1,1,1,1,1,1,1,0,1,1,1,1,0,1,0,1
1,0,1,1,0,1,0,0,0,0,1,0,1,0,0,0,0,1,1,0,0,0,0,1,1,1,0,0,0,0
0,0,1,1,0,1,1,0,0,0,1,0,1,0,1,0,0,0,0,0,1,0,0,1,1,1,0,0,1,1
0,0,0,0,1,0,0,0,0,1,0,0,1,0,0,0,0,0,1,0,0,0,0,0,1,0,0,1,0,0
1,0,0,1,1,0,0,0,0,0,0,0,1,0,0,0,0,1,0,1,0,0,0,0,1,1,0,0,0,1
1,1,1,1,1,0,0,0,0,0,1,0,0,0,1,0,0,1,1,1,0,0,1,1,1,0,0,1,0,0
0,0,0,0,0,0,0,0,1,0,0,0,0,1,1,0,0,1,1,0,0,0,0,0,1,0,0,0,0,0
1,0,1,1,0,1,1,0,1,0,1,0,1,0,1,1,1,0,1,0,0,0,0,0,1,0,0,0,0,1
1,1,1,0,0,1,1,0,1,1,1,1,0,0,1,1,1,1,1,1,0,0,0,0,0,0,0,0,0,1
0,0,1,1,0,0,0,0,1,1,0,0,0,0,1,0,0,0,1,0,0,0,0,0,1,0,0,0,0,0
1,0,1,1,1,1,1,1,1,0,1,0,0,0,1,0,1,1,0,1,1,0,0,1,1,0,0,1,0,0
0,0,0,0,0,1,0,0,1,0,1,0,0,1,1,0,0,0,1,0,0,0,0,1,1,0,0,0,1,0
1,1,0,0,0,1,0,0,1,0,0,0,1,0,0,1,0,0,1,0,0,0,1,0,1,0,0,0,0,1
1,0,1,0,0,0,0,0,1,0,0,0,0,0,0,0,0,1,1,1,0,0,0,0,0,0,0,0,0,0
1,1,1,1,1,1,1,0,1,1,1,0,1,0,1,1,1,1,1,1,1,1,1,0,1,1,1,1,0,1
1,0,1,1,1,1,1,0,1,0,1,0,1,0,0,1,0,1,1,1,1,0,0,1,1,1,0,1,0,0
0,1,0,0,0,0,0,0,0,1,0,0,0,0,0,0,0,0,1,0,0,0,0,0,1,0,0,1,1,1
0,0,1,0,0,0,0,0,0,1,0,0,1,0,0,0,0,0,0,0,0,0,1,0,1,0,0,0,0,0
0,0,0,1,1,0,0,0,0,1,1,0,0,0,1,0,0,1,1,1,1,0,1,0,0,0,0,1,0,0
1,1,1,1,1,0,0,1,1,1,1,0,1,1,1,0,0,1,1,1,1,0,0,0,1,0,0,1,0,0
0,0,1,0,0,0,0,0,0,0,0,0,0,1,0,0,0,0,0,0,0,0,0,0,0,0,0,0,0,0
1,0,0,1,0,0,0,0,1,0,1,0,0,1,0,0,0,0,0,0,0,0,0,0,0,0,0,0,0,0
1,1,0,1,0,1,0,1,1,0,0,0,1,0,1,1,0,1,0,0,0,0,1,0,0,0,0,0,0,0
1,0,0,0,1,0,0,0,1,0,0,0,1,0,1,0,0,0,0,0,0,0,0,0,0,0,0,1,0,0
1,1,1,1,1,1,1,0,1,1,1,1,1,0,1,1,1,1,1,0,1,0,1,1,1,0,0,0,0,0
1,0,1,1,1,1,1,0,1,0,1,0,0,0,1,1,0,1,0,1,1,0,0,1,1,1,0,0,0,0
0,0,0,0,0,0,0,0,0,0,1,0,0,0,0,0,0,1,1,0,0,0,0,0,0,0,0,0,0,0
1,0,1,1,1,0,0,0,1,1,1,0,1,0,1,1,0,1,1,0,0,0,1,1,1,0,0,0,0,1
1,1,1,1,1,1,1,0,0,1,1,1,1,1,0,1,1,1,1,1,1,0,0,1,1,1,0,1,1,1
1,0,0,1,0,0,0,1,1,1,0,0,1,0,1,1,0,1,0,1,1,0,0,0,1,0,0,1,1,1
1,0,0,0,0,0,0,0,0,0,0,0,1,0,1,0,0,0,1,0,0,0,0,1,1,0,0,0,1,1
1,0,1,0,0,1,0,0,1,0,1,0,1,0,0,1,0,0,1,0,0,0,0,1,0,0,0,0,1,0
0,0,1,0,0,0,0,0,1,0,0,0,0,1,0,0,0,0,0,0,0,0,0,0,1,0,0,0,0,0
0,0,0,0,0,0,0,0,0,0,0,0,0,0,1,0,0,0,1,0,0,0,1,1,1,0,0,0,1,1
1,1,1,1,0,1,1,0,1,0,0,0,0,0,1,1,0,0,0,1,0,0,1,0,0,0,0,1,0,1
1,1,0,0,0,0,0,0,1,0,1,0,0,0,1,0,0,0,0,0,0,0,0,0,0,0,0,0,0,0
1,0,1,0,0,1,0,0,0,0,0,0,0,1,0,0,0,0,0,0,0,0,0,0,0,0,0,0,1,0
1,1,1,1,1,1,1,0,1,1,1,0,1,1,1,1,1,1,1,1,1,0,0,0,1,0,0,1,0,1
1,0,1,0,0,0,0,0,0,1,0,0,1,0,0,0,0,1,1,1,1,0,1,0,1,0,0,1,0,0
0,0,1,1,0,0,0,0,1,1,0,0,1,0,1,0,0,0,0,1,0,0,1,0,0,1,0,1,0,1
1,1,0,0,0,0,0,0,0,0,1,0,1,0,1,0,0,0,1,0,0,0,0,0,0,1,0,1,1,0
1,1,1,1,0,1,1,0,1,1,1,0,1,0,1,1,1,1,1,1,1,1,1,1,1,1,1,0,0,1
1,0,0,1,1,0,0,0,0,1,1,0,0,0,1,1,1,1,1,1,0,0,0,0,1,0,0,1,0,1
1,0,0,1,0,0,0,0,0,0,1,0,1,0,1,0,0,0,1,1,0,0,0,0,1,0,0,0,0,0
0,1,1,1,1,1,1,0,1,1,1,0,1,0,1,1,0,1,1,1,1,0,0,0,1,1,0,1,1,0
1,1,1,1,1,1,1,0,1,0,1,0,1,0,1,0,1,1,1,1,1,0,0,1,1,0,0,1,0,0
1,0,0,1,1,1,0,0,1,1,0,0,1,0,1,0,0,0,0,0,0,0,0,0,1,1,0,1,1,1
1,1,0,1,1,1,0,0,1,1,1,0,0,0,1,1,1,0,0,1,0,0,0,0,0,0,0,1,0,0
1,0,1,0,0,0,0,0,0,0,0,0,1,1,1,0,0,0,1,0,0,0,0,1,1,0,0,1,0,0
1,0,1,1,1,0,0,0,0,0,1,0,0,0,1,0,0,0,0,0,0,0,0,1,1,0,1,1,0,0
1,0,1,1,1,0,0,0,1,1,0,0,1,0,0,1,0,0,1,1,1,0,0,1,1,0,0,0,1,1
1,1,1,1,1,1,1,0,1,1,1,1,1,1,1,1,1,1,0,1,1,1,1,1,1,1,1,1,1,1
1,1,1,1,1,1,0,0,1,1,1,1,1,1,1,1,1,1,1,1,1,1,1,1,1,1,1,1,0,1
1,1,1,1,1,0,0,0,1,1,1,0,1,0,1,1,0,1,1,1,0,0,1,0,0,0,0,0,1,1
1,0,1,1,0,1,1,0,1,1,1,0,1,0,1,1,0,0,1,1,1,0,0,0,1,1,0,0,1,0
1,1,0,0,0,0,0,0,0,0,0,0,0,0,0,1,0,0,1,1,0,0,0,1,1,0,0,1,0,1
1,0,1,0,0,0,0,0,0,0,0,0,1,0,0,0,0,0,1,0,0,0,0,0,0,0,0,0,0,0
0,0,1,1,1,0,0,0,1,0,1,0,0,0,1,0,0,0,0,0,0,0,0,0,1,0,0,0,0,1
0,1,0,0,0,0,0,0,0,1,0,0,0,0,1,0,0,0,1,0,0,0,0,0,0,0,0,0,0,0
0,0,0,0,1,0,0,0,0,0,0,0,0,0,1,0,0,0,0,1,0,0,0,0,0,0,0,0,0,0
0,0,1,0,1,0,0,0,1,0,0,0,1,0,1,1,0,0,1,0,0,0,0,0,0,1,0,0,1,0
0,1,0,1,1,0,1,0,0,0,0,0,1,1,1,1,0,1,1,1,0,0,0,0,1,0,0,1,1,0
1,0,1,1,0,0,0,0,0,1,1,0,1,0,1,1,0,0,1,1,0,0,1,0,1,0,0,1,1,1
0,0,0,0,1,0,0,0,1,0,1,0,1,0,1,0,0,0,1,0,0,0,0,1,0,0,0,0,0,0
1,0,0,1,1,1,0,0,0,0,1,0,1,0,1,1,0,1,1,1,0,0,0,1,1,0,0,1,1,0
1,1,1,1,1,1,1,0,1,1,1,1,1,0,1,1,1,1,1,1,1,1,0,1,1,1,0,0,0,0
1,0,0,1,0,1,1,0,0,0,0,0,1,0,0,0,0,1,1,0,0,0,0,1,1,0,0,1,1,1
0,0,0,0,0,0,0,0,0,0,0,0,0,0,0,0,0,0,0,0,0,0,0,0,0,0,0,0,0,0
1,0,1,1,1,0,0,1,1,1,1,0,1,0,0,1,0,1,0,1,1,0,0,1,1,1,0,1,1,0
1,0,0,0,0,0,0,0,0,0,1,0,0,0,1,0,0,0,1,1,0,0,0,0,0,0,0,0,1,0
1,1,1,1,0,1,0,0,1,1,1,0,1,0,1,0,0,1,0,0,1,0,1,0,1,1,1,0,1,0
1,0,1,1,0,1,0,0,0,1,0,0,1,0,0,1,0,1,1,1,1,0,0,0,1,0,0,1,0,1
1,0,1,0,1,1,1,0,1,1,1,0,1,0,1,1,0,1,1,1,0,0,0,1,1,0,0,1,0,0
1,0,0,0,0,1,0,0,1,1,1,0,0,0,0,0,0,1,1,1,1,0,0,0,1,0,0,1,0,1
1,0,1,1,0,1,1,1,1,0,1,0,1,0,1,1,1,1,1,1,0,0,0,0,0,0,0,0,0,0
1,1,1,1,0,1,0,0,1,1,1,0,1,0,1,1,0,1,1,0,0,0,0,0,1,0,0,0,1,0
1,0,1,1,0,0,1,1,1,1,1,1,0,0,0,1,1,1,1,1,1,1,1,0,1,0,0,1,1,0
1,0,0,0,0,0,0,0,0,0,0,0,0,0,1,0,0,0,0,1,0,0,1,1,1,0,0,1,1,0
0,0,1,1,0,0,0,0,1,0,0,0,1,0,0,0,0,1,1,0,0,0,0,0,0,0,0,1,0,1
1,1,1,1,0,1,0,0,1,1,1,0,1,0,1,1,0,1,1,1,1,1,1,1,1,0,0,1,1,0
1,1,1,1,1,0,0,0,1,1,1,1,1,1,1,1,1,1,1,1,1,0,1,1,1,1,1,1,1,1
1,1,1,1,1,1,1,1,0,1,1,1,1,0,1,1,1,1,1,0,1,0,0,0,1,1,0,1,1,1
1,1,0,1,1,0,0,0,1,0,0,0,1,0,1,0,0,1,1,1,1,0,0,0,0,0,0,1,0,0
1,1,1,0,1,0,0,0,1,0,1,0,0,0,1,0,0,0,0,1,0,0,1,0,1,0,0,0,0,1
1,0,1,1,0,0,0,0,1,1,1,0,1,0,1,1,1,1,1,0,1,0,0,1,1,1,0,0,0,0
0,1,0,1,0,0,0,0,0,0,0,0,1,0,1,1,0,0,1,0,0,0,0,0,0,0,0,0,0,1
1,0,1,1,1,1,1,0,1,1,1,0,1,1,1,1,0,1,1,1,1,0,0,1,1,1,1,1,0,1
1,1,1,1,1,0,1,0,1,1,0,1,1,0,1,1,1,1,1,1,1,0,1,0,1,0,0,1,0,1
0,1,0,0,1,0,0,0,1,0,0,0,0,0,1,0,0,0,0,0,0,0,0,0,1,0,0,0,0,0
1,0,0,1,1,0,1,0,1,1,1,0,1,1,1,1,0,1,1,1,0,1,1,0,1,1,0,1,1,1
1,0,1,1,1,1,1,0,1,1,1,1,1,0,1,1,1,1,1,1,1,0,1,1,1,0,0,1,0,1
1,1,0,0,1,0,0,0,0,0,1,0,0,0,1,0,0,0,0,0,0,0,0,1,0,0,0,1,1,0
0,0,0,0,1,0,0,0,0,0,1,0,1,0,1,0,0,0,1,1,0,0,0,1,1,0,0,0,0,0
1,1,1,1,1,1,1,0,1,0,1,1,1,0,1,1,1,1,1,1,1,1,1,0,1,1,0,1,1,1
1,1,1,0,0,0,0,0,1,1,1,0,1,1,1,1,1,1,1,1,0,1,0,1,1,1,0,1,0,1
0,0,1,0,1,1,1,0,1,1,1,1,1,0,0,1,0,1,1,1,1,1,0,1,1,1,0,1,1,1
1,0,1,1,0,1,1,0,1,1,1,0,1,0,1,0,0,1,1,1,1,0,0,1,1,0,0,0,1,1
1,0,1,1,0,0,0,0,0,1,0,0,1,1,1,0,0,0,0,1,1,0,0,0,1,1,0,0,0,1
1,1,1,1,1,1,1,0,1,1,1,0,1,0,1,1,1,1,1,1,1,1,0,0,1,1,0,1,1,1
1,1,0,0,0,0,0,0,0,0,0,0,1,1,0,0,0,0,1,0,0,0,0,0,1,0,0,1,0,0
1,0,1,1,1,1,0,0,1,1,1,0,1,0,1,0,0,1,1,1,1,0,0,1,1,1,0,0,1,1
1,1,1,1,0,1,0,0,1,1,1,1,1,1,1,0,1,1,1,1,0,1,1,1,1,1,0,1,1,1
1,1,1,1,0,1,1,0,1,0,0,0,0,1,0,1,1,1,0,1,1,0,1,0,1,1,0,1,0,1
1,1,1,1,0,1,0,0,0,1,1,0,1,0,1,1,1,1,0,1,1,1,1,1,1,0,0,1,0,1
1,0,1,1,1,0,0,0,0,1,1,0,1,0,1,1,1,1,0,1,0,1,0,1,1,0,0,1,0,0
0,0,1,1,0,0,0,0,1,0,0,0,0,1,0,0,0,1,1,0,0,0,0,0,1,0,0,0,0,0
1,1,1,1,1,1,1,0,0,1,1,0,0,1,1,1,1,1,1,0,0,0,1,1,1,0,0,1,1,0
1,0,0,1,0,1,1,1,1,0,0,0,1,0,1,0,0,1,1,0,0,0,1,0,1,0,0,0,1,1
1,0,1,0,1,1,1,0,1,1,1,0,1,0,1,1,0,1,0,1,1,0,0,1,1,0,0,0,1,1
1,1,1,1,0,1,1,0,1,1,1,0,1,0,1,1,1,1,1,1,0,1,1,1,1,0,0,1,1,1
1,1,1,1,1,1,1,0,1,1,1,1,1,0,1,1,1,1,1,1,0,1,1,0,1,1,1,1,1,1
1,1,1,1,0,0,0,0,1,1,0,0,1,1,0,0,0,1,0,0,0,0,1,0,1,0,0,0,1,0
1,0,0,0,0,0,0,0,0,0,0,0,1,0,1,0,0,1,1,0,0,0,1,0,1,0,0,1,0,0
0,0,1,1,0,0,0,0,0,1,0,0,0,0,0,0,1,1,0,1,0,0,0,0,1,0,0,1,0,0
1,0,1,0,1,0,0,0,0,1,1,0,1,0,0,0,0,0,1,0,0,0,0,0,0,0,0,0,0,0
1,0,1,1,0,1,0,0,0,0,0,0,1,0,0,1,0,1,1,0,0,0,0,1,1,0,1,0,1,1
1,1,1,0,1,1,1,0,1,1,1,0,1,0,1,1,1,1,1,1,0,0,0,1,1,0,1,0,0,0
1,0,1,0,1,1,1,0,0,1,0,0,1,0,0,1,0,0,1,0,0,0,0,1,1,0,0,0,0,0
0,0,0,0,0,0,1,0,0,0,0,0,1,0,1,0,0,0,1,0,0,0,0,0,1,0,0,1,0,1
0,0,1,1,1,0,1,1,1,1,1,0,1,0,1,1,0,1,1,0,0,0,0,0,0,0,0,0,0,0
0,1,0,1,1,1,1,0,1,1,1,1,1,0,1,1,0,1,1,1,1,0,0,1,1,1,0,0,0,0
1,0,1,0,0,0,0,0,0,0,0,0,1,1,1,1,0,1,1,0,0,0,0,0,0,0,0,1,1,0
1,1,0,1,0,0,0,0,1,0,0,0,1,0,1,0,0,0,0,0,0,0,0,0,1,0,0,1,0,1
1,1,1,1,1,1,1,1,1,1,1,1,0,1,1,1,1,1,1,1,1,1,1,1,1,1,1,1,0,1
1,1,1,1,0,1,1,0,1,1,1,1,1,0,1,1,1,1,1,1,0,0,0,0,1,0,0,0,0,0
1,0,1,1,1,0,0,1,0,1,0,0,1,0,0,1,0,0,1,1,0,0,0,1,1,0,0,0,0,1
0,1,1,1,0,1,1,0,1,0,1,1,1,0,1,1,0,0,1,1,0,0,0,1,1,0,0,1,1,1
0,0,0,0,0,0,0,0,1,1,0,0,0,0,1,0,0,0,1,0,0,0,0,0,0,0,0,1,0,0
1,1,1,1,0,1,1,0,1,1,0,0,1,0,1,1,0,1,1,1,0,0,0,1,1,1,1,0,0,0
1,0,1,1,0,1,0,0,1,0,1,0,1,0,1,1,0,0,1,1,1,0,0,1,1,1,1,0,1,1
1,0,0,1,1,0,0,0,0,0,1,0,0,1,1,1,0,0,1,1,0,0,1,1,1,0,0,1,1,1
1,0,1,1,0,1,1,0,1,1,1,0,1,0,0,1,0,0,1,1,0,0,0,1,1,1,0,1,0,0
1,0,0,1,1,0,0,0,1,0,1,0,1,0,1,0,0,1,0,1,0,0,0,0,0,0,0,0,0,0
1,1,1,1,1,1,1,0,1,1,0,0,1,1,1,1,0,0,1,1,0,0,0,0,1,0,0,0,0,1
0,0,0,0,0,0,0,0,0,0,0,0,0,0,1,0,0,1,1,1,0,0,0,1,1,0,0,0,0,0
0,1,0,0,0,0,0,0,1,0,0,0,0,0,0,0,0,0,0,0,0,0,0,0,0,0,0,0,0,0
0,0,1,0,1,0,0,0,1,1,0,0,1,0,1,0,0,0,1,0,0,0,0,0,1,0,0,1,1,0
1,0,1,0,1,1,1,0,0,1,1,1,1,0,1,1,0,1,1,1,0,0,0,1,1,1,0,0,0,0
0,0,0,0,0,0,0,0,0,0,0,0,1,0,1,0,0,0,1,0,0,0,0,0,1,1,0,1,1,0
1,0,0,0,0,0,0,0,0,0,0,0,1,0,0,0,0,0,1,0,0,0,0,0,0,0,0,1,0,0
0,1,0,0,0,0,0,0,0,1,1,0,0,0,1,1,0,0,0,0,0,0,0,0,1,0,0,1,1,0
1,1,1,1,0,1,1,0,1,0,1,1,0,0,0,0,1,1,0,0,0,0,0,0,1,1,0,0,0,0
1,1,0,0,1,1,1,1,0,1,0,0,0,0,1,0,0,0,1,1,0,0,1,0,1,1,0,1,1,1
0,1,1,1,1,1,1,0,1,0,0,0,1,1,1,0,0,0,0,1,0,0,0,1,1,0,0,1,1,1
1,1,1,1,1,0,1,0,1,1,0,1,1,0,1,1,1,1,1,1,1,1,0,1,0,0,0,1,1,1
1,1,1,0,0,1,1,0,0,0,1,0,1,1,1,1,0,0,0,0,0,0,0,0,1,0,0,1,1,0
1,1,1,1,1,1,1,0,1,0,1,0,1,0,1,1,1,1,1,1,1,0,0,1,1,0,0,1,1,0
1,1,1,1,1,1,1,0,1,1,1,0,1,1,1,1,1,1,1,1,1,0,0,1,1,1,0,1,0,1
1,0,0,0,1,0,1,0,1,0,0,0,0,1,1,0,0,0,1,0,0,0,0,0,0,0,0,0,1,0
0,0,1,1,0,1,1,0,1,1,0,0,1,0,1,1,1,1,1,1,1,0,0,0,1,1,0,0,0,1
1,1,1,1,1,1,1,0,1,1,1,0,1,0,1,1,1,1,1,1,1,0,0,1,1,0,0,0,1,1
1,1,1,1,1,1,1,0,1,1,1,1,1,1,1,1,1,0,1,1,1,0,1,1,1,1,1,0,1,1
1,0,1,1,0,1,0,0,1,0,1,0,1,0,1,1,1,1,1,1,1,0,0,1,1,1,0,1,1,1
0,0,0,0,1,1,0,0,0,0,0,0,1,0,1,1,0,0,1,0,0,0,0,0,1,1,0,0,1,0
1,0,0,0,0,0,0,0,0,1,0,0,0,0,1,0,0,0,0,0,0,0,0,0,0,1,0,0,0,0
1,1,1,1,1,1,1,0,1,1,1,0,0,0,1,0,1,1,1,0,1,0,1,1,1,0,0,1,1,1
1,0,1,1,1,1,1,1,1,1,0,0,1,0,1,0,0,1,0,1,0,0,0,1,1,0,0,1,1,1
1,0,1,1,1,1,1,0,1,1,0,0,1,0,1,1,1,1,0,1,1,0,1,1,1,1,0,1,1,0
1,0,1,1,1,1,1,0,1,0,1,1,1,0,1,1,0,1,1,1,0,0,0,1,1,0,0,0,0,0
1,1,0,1,1,0,0,0,1,1,1,0,0,0,0,1,0,0,1,0,0,0,1,1,1,1,0,0,1,1
1,1,1,1,0,1,1,0,1,1,1,1,1,0,0,1,0,1,1,1,0,0,1,1,1,1,0,1,0,1
1,0,1,1,1,1,1,0,1,1,1,0,1,1,1,1,1,1,1,1,1,1,1,1,1,1,1,1,0,1
1,1,1,0,1,0,0,0,0,0,1,0,0,0,1,0,0,0,0,0,0,0,0,1,1,0,0,0,0,0
0,0,1,1,0,0,0,0,1,1,0,0,1,0,1,0,1,1,1,1,1,0,1,1,1,0,0,0,0,1
1,1,1,1,1,1,1,0,1,1,1,0,0,0,1,0,0,1,1,0,0,0,0,0,1,0,0,1,0,1
1,0,1,1,0,1,1,0,1,1,1,1,1,1,1,1,0,1,1,1,0,0,0,1,1,0,0,0,1,0
1,0,1,1,1,0,0,1,1,1,1,0,1,1,1,1,0,1,0,1,1,0,1,0,1,1,0,0,0,0
1,1,0,1,1,1,1,1,1,0,1,0,1,1,1,1,1,1,0,1,1,0,1,1,1,1,0,0,0,0
1,1,1,1,1,1,0,0,1,1,1,0,1,0,1,1,1,1,0,1,1,0,1,1,1,0,1,0,1,1
1,1,1,1,1,0,0,0,1,0,1,0,1,0,1,0,0,1,0,1,0,0,1,1,1,1,0,1,1,0
0,1,0,1,0,0,0,0,1,1,1,0,1,0,1,1,0,1,1,1,1,0,0,1,1,1,0,0,0,0
1,0,0,1,0,0,0,0,0,1,0,0,1,0,0,0,1,0,1,0,1,0,1,0,1,0,0,0,0,1
1,1,1,1,1,0,0,0,1,1,1,0,0,0,1,1,0,1,1,1,0,0,1,0,1,0,0,1,1,1
1,1,1,1,1,1,1,0,1,1,1,0,1,1,1,1,0,0,0,1,1,0,0,1,1,0,0,0,1,1
1,0,1,0,1,0,0,0,1,0,0,0,1,0,1,0,0,0,1,0,0,0,1,0,1,0,0,0,0,0
1,0,1,0,1,0,0,0,1,1,0,0,1,0,0,0,0,0,1,1,0,0,0,0,1,0,0,1,0,0
1,1,1,1,1,1,1,0,1,1,1,1,1,0,1,1,0,1,1,1,1,0,1,1,1,1,0,1,1,1
1,1,1,0,1,1,1,0,1,1,1,0,1,0,1,1,0,1,0,1,1,0,0,1,1,1,0,1,1,1
1,0,1,1,0,1,0,0,1,1,1,0,1,0,1,0,0,1,0,1,0,1,1,0,1,0,0,1,0,0
0,0,1,1,1,1,1,1,1,1,1,0,1,0,1,1,1,1,1,1,0,0,1,1,1,1,0,1,0,0
1,1,1,1,1,1,1,0,1,1,1,0,1,0,1,1,0,1,1,1,0,1,1,1,1,1,0,1,0,0
1,0,0,1,0,0,0,0,1,0,1,0,1,0,1,1,1,1,1,1,1,1,0,1,0,0,0,1,0,0
0,1,1,0,0,0,0,0,0,0,0,0,0,0,1,0,0,0,1,0,0,0,1,0,1,0,0,0,0,1
1,0,0,1,1,0,0,0,1,0,0,0,0,0,1,0,0,0,1,1,1,0,0,0,1,0,0,0,1,1
1,0,0,0,0,1,1,1,0,1,1,0,1,0,1,0,0,1,0,0,0,0,0,0,1,0,0,0,0,0
0,0,1,1,0,1,1,1,0,1,1,0,1,0,1,1,0,1,1,1,0,0,0,0,1,0,0,1,1,0
1,1,1,1,1,1,1,1,1,1,1,1,1,1,1,1,0,1,1,1,1,0,1,1,1,1,0,1,0,1
1,1,1,1,1,1,1,0,0,0,1,0,1,0,1,1,0,1,0,0,0,0,0,0,0,0,0,0,0,0
1,0,1,1,0,1,0,1,1,1,1,0,1,0,1,1,1,1,1,1,0,0,0,1,1,1,0,1,1,0
0,0,0,1,1,1,0,0,1,1,1,1,1,1,1,1,1,1,1,1,1,0,0,0,1,0,0,1,0,1
1,0,1,1,1,1,0,0,1,1,1,0,0,0,1,1,0,1,1,1,1,0,0,1,1,0,0,0,0,1
1,0,1,1,0,1,1,1,1,0,1,0,0,0,1,0,0,1,1,0,1,0,0,0,0,0,0,0,0,0
1,0,0,1,1,0,0,0,1,1,0,0,0,1,1,0,0,1,1,1,0,0,0,1,1,1,0,1,1,1
1,0,1,1,0,1,0,0,1,1,1,0,1,1,0,1,0,1,1,1,0,1,0,1,1,0,0,1,0,0
1,1,1,0,0,1,1,0,1,0,0,0,1,0,1,0,0,0,0,0,0,0,0,0,0,0,0,0,0,0
1,1,1,1,0,1,0,0,1,1,0,0,1,0,1,1,0,1,0,1,0,0,1,0,1,0,0,0,1,1
0,0,1,1,0,0,0,0,1,1,0,0,1,1,0,0,0,1,1,0,0,0,0,0,1,0,0,1,0,0
1,1,1,1,1,1,1,0,1,1,1,1,1,0,1,1,0,1,1,1,0,0,0,0,1,1,1,1,1,1
1,1,1,1,1,1,1,1,1,1,0,1,1,1,1,1,1,1,1,1,1,1,1,1,1,1,0,1,1,1
0,0,0,1,1,1,1,0,1,1,0,0,1,0,1,1,0,1,1,1,0,0,0,1,1,0,0,0,0,0
1,1,0,1,1,1,0,0,1,1,0,0,1,1,1,0,1,1,1,1,0,1,0,0,1,0,0,0,0,1
1,0,1,1,1,0,0,0,1,1,0,0,1,0,1,1,0,1,1,0,0,0,1,1,1,0,0,1,0,0
1,0,1,0,0,0,0,0,0,0,0,0,0,0,1,0,0,0,0,0,0,0,0,0,1,0,0,0,0,0
0,0,1,1,1,0,0,0,0,0,0,0,1,0,0,0,0,0,0,0,0,0,0,0,0,0,0,0,0,0
1,0,0,0,0,0,0,0,0,1,0,0,0,1,0,0,0,0,1,0,0,0,0,0,0,0,0,0,0,0
1,0,0,0,0,0,0,0,0,1,0,0,1,0,1,1,0,1,1,1,0,0,0,1,1,0,0,1,0,1
1,0,1,1,1,1,0,0,1,1,0,0,1,0,1,1,1,1,1,1,1,0,0,1,1,0,0,1,0,1
1,0,1,0,1,0,1,0,1,0,0,0,0,0,1,0,1,0,0,1,0,0,1,0,1,0,0,0,1,1
0,0,1,0,1,0,0,0,0,0,0,0,1,0,1,0,0,0,0,0,0,0,0,0,1,0,0,0,1,0
1,1,0,1,0,1,1,0,1,1,1,0,1,0,1,0,1,1,1,0,0,0,0,1,1,0,0,1,0,1
1,1,1,1,0,1,1,0,1,1,1,0,1,0,1,1,0,1,1,0,1,0,0,1,1,1,0,1,0,0
0,0,1,1,1,0,0,0,1,0,0,0,1,0,1,0,0,0,1,0,0,0,0,0,1,0,0,1,0,0
1,0,1,1,0,0,0,0,0,0,0,0,1,0,0,0,0,0,1,0,0,0,1,1,0,0,0,0,0,0
1,1,0,1,0,1,1,0,1,1,1,0,1,1,1,1,0,1,1,1,0,0,0,0,1,1,0,1,0,0
0,0,1,0,0,0,0,0,0,0,0,0,1,0,1,0,0,0,0,0,0,0,0,0,0,0,0,1,1,0
0,0,1,1,1,1,1,0,1,0,1,0,0,0,1,0,0,1,1,1,1,0,1,0,0,1,0,1,1,1
1,0,1,1,0,0,0,0,1,1,1,0,1,0,1,1,1,1,1,1,1,1,1,0,1,0,0,1,0,1
1,0,0,0,0,1,1,0,1,0,1,0,1,1,1,0,0,1,0,0,0,0,0,1,1,0,0,0,1,0
1,0,0,1,0,1,0,0,1,1,1,1,0,0,1,1,0,1,1,1,0,1,0,1,0,0,0,0,0,0
1,1,1,1,1,1,1,1,1,0,1,1,1,1,1,0,0,1,0,1,0,1,0,1,1,0,0,0,1,1
0,0,0,1,0,0,0,0,1,0,0,0,0,0,1,0,0,0,1,0,0,0,0,1,1,0,0,0,0,0
1,1,1,1,1,1,1,0,1,1,1,0,1,1,1,1,1,1,1,1,1,0,1,1,1,1,1,0,0,1
1,0,0,1,1,0,0,0,0,0,1,0,1,0,0,1,0,0,0,1,0,0,0,0,1,0,0,1,1,0
0,0,1,1,1,0,0,0,1,0,0,0,1,0,1,0,0,0,0,1,1,0,0,0,1,0,0,0,1,0
1,0,1,1,0,0,0,0,1,1,0,0,0,0,1,0,0,0,0,0,1,0,0,0,0,0,0,1,1,1
1,1,1,1,0,1,0,0,0,0,1,0,0,0,1,1,1,1,1,1,1,0,1,1,0,1,0,0,1,0
1,1,1,1,0,1,1,0,0,1,1,0,0,0,0,1,0,1,1,1,0,0,0,0,0,0,0,0,1,0
1,1,1,1,1,1,1,0,1,1,1,1,1,1,1,1,1,1,0,1,1,0,1,1,1,1,0,0,1,1
1,0,0,0,0,0,0,0,0,1,0,0,0,0,1,0,0,0,0,0,0,0,0,0,0,1,0,1,0,1
0,0,1,1,1,1,1,0,1,1,1,0,1,1,1,1,0,1,1,1,0,0,0,1,1,0,0,0,1,1
1,0,1,0,1,1,1,0,1,0,1,0,1,0,1,1,1,1,1,1,1,0,0,1,1,0,0,1,1,1
1,1,0,1,1,0,1,0,0,1,1,0,1,0,1,1,0,0,1,0,0,0,1,0,1,1,0,1,0,1
1,1,1,1,1,0,1,1,1,0,0,1,1,0,1,1,1,1,1,1,1,0,1,0,1,1,0,0,1,1
1,0,1,1,1,0,0,0,1,1,0,0,1,0,1,0,0,0,1,0,0,0,0,1,0,0,0,0,0,0
0,0,1,1,1,0,0,0,0,1,0,0,1,0,1,0,0,0,0,0,0,0,0,0,0,1,0,0,0,0
0,0,0,0,1,0,0,0,0,0,0,0,0,0,1,0,0,0,1,0,0,0,0,0,1,0,0,0,0,0
1,1,1,1,0,1,1,0,1,1,1,0,1,0,1,1,0,1,1,1,0,0,0,1,1,1,0,1,0,1
0,0,1,0,0,0,0,0,0,0,0,0,1,0,1,0,0,0,0,0,0,0,0,1,0,1,0,1,1,0
0,0,0,0,0,0,0,0,1,0,1,0,0,0,0,0,0,0,0,0,0,0,0,0,1,0,0,0,1,0
1,0,1,1,1,1,0,0,1,1,1,0,0,0,1,0,0,1,1,1,0,0,0,0,1,0,0,1,1,1
1,1,1,1,1,1,1,1,1,1,1,0,1,0,1,0,0,0,1,1,1,0,0,1,1,0,0,1,1,1
1,1,1,1,1,1,1,0,1,1,0,1,1,0,1,1,0,1,1,0,0,0,0,1,1,0,0,1,0,1
0,0,0,1,1,1,1,0,0,0,0,0,0,0,1,1,0,0,1,1,0,0,0,0,0,0,0,1,0,0
1,0,1,1,0,1,0,0,1,1,1,0,1,0,1,1,0,1,1,0,1,0,0,0,0,1,0,1,0,1
1,1,0,1,1,0,0,0,1,1,1,0,1,0,1,1,0,1,1,0,0,0,1,1,1,0,0,0,0,0
1,0,1,1,1,1,1,0,1,1,0,0,1,1,1,1,0,0,1,1,1,0,0,1,1,0,0,0,0,1
1,0,1,0,0,0,0,0,0,0,0,0,0,1,0,0,0,0,1,0,0,0,0,0,1,0,0,0,0,1
0,0,1,0,0,1,1,1,1,0,0,0,1,0,1,0,0,1,0,0,0,0,0,1,1,0,0,0,0,1
0,0,0,0,0,0,0,0,0,0,1,0,1,0,0,0,0,1,0,0,0,0,0,0,0,1,0,0,0,0
1,0,1,0,0,0,0,0,1,0,0,0,1,0,0,0,0,0,0,0,0,0,0,0,0,1,0,1,1,0
1,0,1,1,1,0,0,0,0,0,0,0,0,0,1,0,0,0,0,0,0,0,0,1,1,1,0,0,0,1
1,0,1,1,1,1,0,1,0,0,0,0,1,0,1,0,0,1,0,1,0,0,0,1,1,0,0,1,1,1
1,0,1,1,1,1,1,0,1,1,1,0,1,0,1,1,1,1,1,1,1,0,1,1,1,0,1,0,1,1
1,0,0,0,0,0,0,0,1,1,0,0,0,0,0,0,0,0,0,0,0,0,0,0,0,0,0,1,0,0
1,0,0,0,0,0,0,0,1,0,0,0,1,1,1,1,0,1,0,0,0,0,0,1,1,0,0,1,1,1
0,1,1,0,0,0,0,0,1,1,1,0,0,0,1,0,0,0,0,0,0,0,0,1,1,0,0,0,0,0
1,0,1,1,0,0,0,0,1,0,0,0,1,0,0,0,0,0,0,0,0,0,0,0,1,0,0,1,0,0
1,0,0,0,1,0,0,0,1,0,0,0,0,0,1,0,0,1,1,1,0,0,0,1,1,0,0,1,0,1
1,0,1,1,0,1,0,0,0,1,0,0,0,0,0,0,0,1,1,0,0,0,0,0,1,0,0,1,0,1
1,0,1,1,0,0,0,0,0,1,1,0,1,1,1,1,1,0,1,1,0,0,1,1,1,1,1,1,0,0
1,0,0,0,0,0,0,0,1,1,0,0,0,0,0,0,0,0,0,0,0,0,0,0,0,0,0,0,0,0
1,0,1,0,0,0,0,0,0,1,1,0,0,1,1,0,0,0,0,0,0,0,1,0,1,1,0,0,0,0
1,0,1,0,1,0,0,0,0,0,0,0,1,0,1,0,0,0,1,0,0,0,0,1,1,0,0,0,0,0
1,0,0,0,0,0,0,0,1,1,0,0,0,0,0,0,0,0,1,0,0,0,0,0,0,0,0,0,0,0
1,0,1,0,1,0,0,0,0,0,1,0,0,1,1,0,0,0,0,0,0,0,0,1,0,1,0,0,0,0
1,1,1,1,1,1,0,0,1,1,1,0,1,0,1,1,0,1,1,1,1,0,0,1,1,1,1,0,0,0
1,0,1,0,0,0,0,0,0,1,0,0,0,0,0,0,0,0,0,0,0,0,0,0,0,0,0,0,0,0
1,1,0,1,1,1,0,0,1,0,0,0,1,0,1,0,0,0,1,1,0,0,0,1,1,0,0,1,0,1
1,0,1,0,1,1,0,0,1,1,1,0,1,0,1,1,0,1,0,0,1,0,0,1,1,0,0,1,1,1
0,0,1,0,1,0,0,0,0,0,0,0,0,0,1,0,0,0,1,0,0,0,0,0,0,0,0,0,0,0
0,0,0,1,1,0,0,0,1,0,1,0,1,0,0,0,0,0,1,0,0,0,0,0,0,0,0,1,0,1
0,0,0,1,0,0,0,0,0,0,1,0,0,0,0,0,0,0,0,0,0,0,0,0,1,0,0,0,0,1
1,1,1,1,1,0,1,0,1,1,1,0,1,0,1,1,1,1,0,1,1,0,1,1,1,0,0,0,0,1
1,1,1,1,1,1,1,1,1,1,1,0,1,0,1,1,0,1,1,1,1,0,1,1,1,0,0,0,0,0
0,0,0,1,0,0,0,0,1,1,1,0,0,0,0,1,0,0,0,0,0,0,0,1,1,0,0,1,0,0
1,0,1,0,0,0,0,0,0,0,0,0,0,0,1,0,0,1,1,0,0,0,0,0,1,0,0,1,0,0
1,0,1,1,0,0,0,0,1,1,1,1,1,0,1,1,0,1,1,0,0,1,0,1,0,0,0,0,0,0
1,1,1,1,1,0,0,0,1,0,1,1,0,0,1,1,1,1,1,1,1,0,1,1,1,1,0,0,0,1
1,0,1,1,1,1,1,0,1,1,1,1,1,0,1,1,1,1,1,1,0,0,0,0,0,0,0,0,0,0
1,1,0,1,1,0,1,1,1,1,1,0,1,0,1,1,1,1,0,1,0,0,0,1,1,1,0,0,1,1
1,0,0,0,0,0,0,0,1,0,0,0,0,0,1,0,0,1,1,0,0,0,1,0,1,0,0,1,0,1
1,1,1,1,1,1,1,0,1,1,1,1,1,0,1,1,1,1,1,1,1,0,1,1,1,0,0,0,1,1
1,0,0,0,0,0,0,0,0,0,0,0,1,0,0,0,0,0,0,0,0,0,0,0,0,0,0,0,1,0
1,0,0,0,0,0,0,0,1,0,0,0,0,1,1,0,0,0,1,0,1,0,1,1,1,0,0,0,1,1
1,1,1,1,1,1,0,0,1,1,0,0,1,0,1,1,1,1,1,1,0,0,1,1,1,0,0,1,0,1
0,0,1,0,1,1,0,0,1,0,1,0,1,0,1,0,0,1,0,0,0,0,0,0,1,0,0,1,0,0
0,0,0,1,1,1,1,0,1,1,1,0,1,0,1,1,0,1,1,1,1,0,1,1,1,1,0,1,1,1
1,1,1,0,1,0,1,0,0,1,1,0,1,0,1,0,0,1,0,0,0,0,1,0,1,0,0,0,0,1
1,0,1,1,0,1,1,0,1,1,1,1,0,1,1,1,1,1,0,0,1,0,0,1,1,1,0,0,0,1
0,1,1,1,0,1,0,0,1,1,1,0,1,0,1,1,1,1,1,1,1,0,0,1,1,0,0,1,0,0
1,1,1,1,1,1,1,0,1,0,0,0,0,0,1,1,1,1,1,0,1,0,1,0,1,1,0,1,0,1
1,0,1,1,1,0,0,0,1,0,0,0,1,0,1,1,0,1,1,0,0,0,1,0,0,0,0,1,1,1
1,0,1,1,1,0,0,0,1,1,0,0,1,0,1,1,0,1,1,1,0,0,0,1,1,1,0,1,0,1
1,1,0,1,0,1,1,0,1,1,1,0,1,0,0,0,1,1,0,1,1,0,0,0,0,0,0,0,0,0
1,0,1,1,1,1,1,0,1,1,1,1,1,0,1,1,0,1,1,1,0,0,0,1,1,0,0,1,1,1
1,1,0,1,1,1,1,0,1,1,1,0,1,0,1,1,0,1,1,1,0,0,0,1,1,1,0,1,0,1
0,0,1,0,0,0,0,0,0,0,1,0,1,0,1,0,0,0,1,1,0,0,0,0,0,0,0,0,1,0
0,1,1,0,0,0,0,0,1,0,0,0,0,1,0,0,0,0,1,0,0,0,0,0,1,0,0,0,1,0
0,1,1,0,0,1,0,0,1,1,1,1,1,0,1,0,1,1,0,1,0,0,1,0,1,0,0,0,1,0
1,0,1,1,1,0,1,1,1,1,1,0,1,0,0,1,1,1,1,1,1,0,1,0,1,0,0,1,0,1
1,1,0,0,1,0,1,0,0,0,0,0,1,0,1,1,0,0,0,0,0,0,0,0,1,1,0,0,1,0
1,0,1,0,0,1,1,0,0,0,0,0,1,0,1,1,0,0,0,0,0,0,0,1,0,0,0,0,1,0
0,0,0,0,0,0,0,0,1,1,0,0,0,0,1,0,0,0,0,0,0,0,0,0,1,0,0,0,0,0
1,1,1,1,0,1,1,0,1,1,1,1,1,1,1,1,1,1,0,1,1,0,0,1,1,1,0,1,1,1
0,0,0,0,0,0,0,0,0,0,1,0,0,0,0,0,0,0,0,0,0,0,0,0,0,1,0,0,0,0
1,1,1,0,1,1,1,0,0,1,1,0,1,0,1,0,1,1,1,1,1,1,0,1,1,0,0,1,1,0
1,1,0,1,1,1,1,0,1,1,1,0,1,0,1,0,1,1,1,1,1,0,0,0,1,0,1,1,1,1
1,1,1,1,1,1,0,0,0,1,1,0,1,0,1,1,0,1,1,1,0,0,0,1,1,1,0,0,1,1
1,0,1,1,1,0,1,0,1,0,0,0,1,1,1,0,1,1,0,0,0,0,0,1,1,0,1,1,1,1
1,0,1,1,1,1,0,0,1,1,0,0,0,0,1,0,0,1,1,0,1,0,0,1,1,1,0,0,0,0
0,0,0,0,1,0,0,0,0,1,0,0,0,0,1,0,0,0,0,0,0,0,1,0,1,0,0,0,0,0
1,0,0,0,1,0,0,0,0,0,1,0,1,1,1,0,0,0,0,0,0,0,0,0,1,0,0,1,0,0
1,0,0,0,1,0,0,0,0,0,0,0,1,0,1,0,0,0,0,0,0,0,0,0,0,0,0,0,0,0
1,0,0,0,1,0,0,0,1,1,0,0,0,0,1,0,0,0,1,1,0,0,0,1,0,0,0,0,0,1
1,0,0,0,0,0,0,0,1,1,0,0,1,0,1,0,0,1,1,0,0,0,1,1,1,0,0,0,1,0
1,1,1,1,1,1,0,0,1,1,1,0,1,0,1,0,0,1,1,1,1,0,1,1,1,1,0,1,0,1
1,1,1,0,0,0,0,0,0,1,0,0,0,0,1,0,0,0,1,0,0,0,0,0,0,0,0,0,1,0
0,0,0,0,1,0,0,0,0,0,0,0,1,0,1,0,0,0,1,0,0,0,0,1,1,0,0,0,0,0
1,1,1,1,1,0,0,0,0,0,0,0,1,1,1,0,0,0,1,0,0,0,0,1,1,1,0,0,0,0
0,0,1,1,0,1,1,1,1,0,1,0,0,0,1,1,0,1,0,1,1,0,0,1,1,0,0,0,0,0
1,0,1,1,1,1,1,0,1,0,1,0,1,1,1,1,1,1,1,1,1,0,0,0,0,0,0,0,0,0
1,0,1,1,1,1,1,0,1,0,1,0,1,0,1,1,1,0,1,1,0,0,1,0,0,0,0,0,0,0
0,0,0,0,0,0,0,0,0,1,0,0,0,0,1,0,0,0,1,0,0,0,1,0,0,1,0,1,1,0
1,0,0,0,0,0,0,0,1,1,0,0,0,0,1,1,0,0,0,1,1,0,0,1,1,0,1,0,0,1
0,0,0,1,0,0,0,0,0,0,0,0,0,0,1,1,0,0,1,1,0,0,1,0,1,0,0,0,1,0
1,0,1,0,0,0,0,0,1,1,0,0,0,0,1,0,0,0,0,0,0,0,0,0,0,0,0,0,1,0
0,1,0,0,0,1,0,0,0,0,0,0,1,0,1,1,0,0,1,0,0,0,0,0,0,1,0,1,0,0
1,0,1,1,0,1,1,0,1,1,0,0,1,0,1,1,1,1,0,1,1,0,0,0,1,0,0,1,1,0
1,0,1,1,0,0,0,0,0,0,1,0,1,0,0,1,0,1,0,0,0,0,1,1,1,0,0,0,0,1
1,0,1,0,0,0,0,0,0,0,0,0,1,0,1,1,0,0,0,0,0,0,1,0,1,0,0,0,0,1
0,0,0,0,1,0,0,0,0,0,0,0,1,1,1,0,0,0,0,0,0,0,1,0,1,0,0,1,0,0
1,1,0,0,1,1,0,0,1,1,1,1,1,0,1,0,0,0,1,0,0,1,0,1,1,0,0,0,0,0
0,0,1,1,0,1,1,1,1,1,0,0,1,0,1,0,0,0,0,0,0,0,0,0,1,0,0,1,1,0
1,1,0,1,0,1,1,1,1,0,1,1,1,0,1,1,1,0,1,1,1,1,0,1,1,1,1,1,1,1
1,0,1,1,1,1,0,1,1,1,1,0,1,0,1,1,0,1,1,1,0,0,0,1,1,1,0,0,0,1
0,1,1,1,1,1,1,1,1,1,1,0,1,0,1,1,0,1,1,1,1,1,0,1,1,0,0,1,0,1
1,1,0,0,0,0,0,0,0,1,0,0,1,0,1,0,0,0,0,0,0,0,0,0,0,0,0,1,0,0
1,0,1,0,1,0,0,0,0,1,1,0,0,0,1,0,0,0,1,1,0,0,1,1,0,1,0,1,0,0
1,0,1,1,1,1,1,0,1,0,1,1,1,0,1,1,0,1,1,1,1,0,0,1,1,1,0,1,1,1
1,1,1,1,1,1,1,0,1,0,1,0,1,1,1,0,1,1,1,0,1,0,1,1,1,0,0,1,0,0
0,1,0,1,1,0,0,0,1,0,1,0,0,0,0,1,0,0,1,0,0,0,0,1,1,1,0,1,1,0
1,0,1,1,0,1,0,1,1,1,1,0,1,1,1,1,0,1,1,1,1,0,1,0,1,0,0,1,0,1
1,1,1,1,1,1,1,0,1,1,1,1,1,1,1,0,1,1,1,1,1,1,1,0,1,1,0,1,1,1
1,1,1,1,1,1,1,0,1,1,1,1,1,1,1,1,1,1,1,1,1,1,1,1,1,1,0,1,1,1
0,0,1,1,1,1,1,1,1,1,1,1,1,0,1,1,0,1,1,1,1,0,1,1,1,0,0,0,1,1
1,1,0,1,1,0,0,0,1,0,1,1,1,0,1,1,0,1,0,1,1,0,0,0,1,0,0,0,0,0
1,1,1,1,1,1,1,0,1,1,1,1,1,1,1,1,1,1,1,1,1,1,1,1,1,1,0,1,1,1
1,1,1,1,1,1,1,0,1,1,1,1,1,1,1,1,1,1,1,1,1,0,0,1,1,1,1,1,1,1
1,0,0,0,0,0,1,0,0,0,0,0,0,0,0,0,0,0,1,0,0,0,0,1,0,1,0,0,0,0
1,1,1,1,0,1,1,0,1,0,1,0,1,0,1,0,0,0,0,1,1,0,1,1,1,0,0,0,0,1
1,0,0,1,0,0,0,0,0,0,1,0,1,0,1,1,0,0,1,0,0,0,1,0,1,1,0,0,1,0
1,0,1,1,1,1,0,0,0,0,0,0,1,1,1,1,0,0,0,1,0,0,0,0,1,0,0,1,1,0
1,1,1,1,1,1,1,0,1,1,1,1,1,1,1,1,1,1,1,1,1,0,0,0,1,1,0,1,1,1
1,1,0,1,1,1,1,0,1,1,1,1,1,1,1,1,1,1,1,1,1,0,0,1,1,1,0,1,1,1
1,0,0,0,0,0,0,0,1,0,1,0,1,0,0,0,0,0,0,0,0,0,1,0,0,0,0,1,0,0
1,0,0,0,1,0,0,0,0,0,0,0,1,0,0,0,0,0,1,0,0,0,0,0,0,0,0,0,0,0
0,0,1,0,0,0,0,0,0,0,0,0,1,0,1,0,0,0,0,0,0,0,0,0,0,0,0,0,0,0
1,0,0,0,1,0,0,0,0,1,0,0,1,0,0,0,0,0,0,1,0,0,1,0,1,0,0,0,0,0
0,0,0,0,0,0,0,0,1,0,0,0,0,0,1,0,0,0,0,0,0,0,0,0,0,0,0,1,0,0
1,1,1,1,1,1,1,0,1,1,1,1,1,1,1,1,0,1,1,0,1,0,0,1,1,1,0,1,1,1
1,1,1,1,1,1,1,0,1,1,1,1,1,1,1,1,1,1,1,1,1,1,1,0,1,1,1,1,0,1
1,0,0,0,1,0,0,0,0,1,0,0,0,1,0,0,0,0,0,0,0,0,0,0,0,0,0,1,0,1
0,0,0,1,1,1,0,0,1,1,1,0,1,1,1,0,1,1,1,1,0,0,1,0,1,0,0,1,1,0
0,1,0,1,0,1,1,0,1,1,1,0,1,0,1,1,1,1,1,0,0,0,0,0,1,0,0,0,1,0
1,1,1,1,1,1,1,0,1,1,1,1,1,1,0,1,1,1,1,1,1,0,1,1,1,1,0,0,0,1
1,0,1,1,1,0,0,0,1,0,1,0,1,1,1,1,0,0,0,0,0,0,1,0,1,0,0,0,1,1
1,0,1,1,0,1,1,0,0,0,0,0,1,1,1,1,1,1,0,1,0,0,0,1,1,0,0,1,0,1
0,0,1,0,0,0,0,0,0,1,0,0,1,0,1,0,0,1,0,0,0,0,0,1,1,0,0,1,0,0
1,0,1,0,1,0,0,0,0,0,0,0,0,0,1,0,0,0,1,0,0,0,1,0,0,0,0,0,1,0
1,0,1,0,1,0,0,0,1,1,1,0,1,0,0,0,0,0,0,0,0,0,0,0,1,1,0,0,0,1
0,0,0,0,0,0,0,0,0,0,0,0,0,0,0,0,0,0,0,0,0,0,0,0,0,1,0,0,1,0
0,1,1,1,1,1,1,0,1,1,1,0,1,1,1,1,0,1,0,1,1,0,0,1,1,0,0,1,1,1
1,1,1,1,1,1,0,1,1,1,1,1,1,0,1,1,1,1,0,1,1,0,0,1,1,1,0,1,0,1
0,0,1,1,1,0,1,0,1,0,1,1,1,1,1,1,1,1,1,1,1,0,0,1,1,1,0,1,1,1
1,0,0,1,0,0,0,0,1,1,0,1,0,0,1,0,1,0,1,1,1,0,1,1,0,0,0,1,0,0
0,1,1,0,1,0,0,1,1,0,1,0,1,0,1,0,0,0,1,0,0,1,0,0,0,0,0,0,0,0
1,0,0,1,0,0,0,0,0,0,0,0,0,0,0,0,0,0,0,0,0,0,0,0,0,0,0,0,0,0
0,1,0,0,0,0,0,0,0,1,0,0,0,1,0,0,0,0,1,0,0,0,0,0,0,0,0,0,0,0
1,0,1,1,1,0,0,0,1,0,1,0,1,0,1,0,0,1,0,1,0,0,0,0,0,0,0,0,0,0
1,1,1,1,0,1,1,1,0,0,1,0,1,0,1,1,0,1,1,1,1,0,0,1,1,1,0,1,1,0
1,0,1,1,1,0,0,0,0,1,0,0,1,0,1,1,1,0,1,0,0,0,0,0,1,0,0,1,0,0
0,0,0,0,1,0,0,0,1,0,1,0,1,0,1,0,0,0,1,1,0,0,1,1,1,1,0,0,1,0
1,1,1,1,0,0,1,0,1,1,1,1,1,0,1,0,0,1,1,1,1,0,1,0,1,0,0,1,1,1
1,1,1,1,0,1,1,0,1,1,1,1,1,1,1,1,1,1,1,1,1,0,0,1,1,1,0,1,1,1
1,1,1,1,1,1,1,0,1,1,1,1,1,1,1,1,1,1,1,1,1,0,0,0,1,1,0,1,1,1
1,1,1,1,1,1,1,1,1,1,1,1,1,0,0,1,1,1,1,1,1,0,1,1,1,1,0,1,1,1
1,1,1,1,0,1,1,0,1,1,1,0,1,0,1,1,0,1,1,1,1,0,1,0,1,1,0,1,1,1
1,1,1,1,1,1,1,0,1,1,1,1,1,1,1,1,0,1,1,1,1,0,1,1,1,1,1,1,1,1
1,0,1,1,1,0,0,0,1,1,0,0,0,0,1,1,0,0,0,0,0,0,0,0,1,0,0,1,1,1
0,0,0,1,1,1,0,0,1,0,1,0,1,0,1,0,0,0,1,1,1,0,0,1,1,1,0,1,1,0
1,1,1,1,1,1,1,0,1,1,1,0,1,1,1,1,0,1,1,1,1,0,0,0,0,0,0,0,0,0
1,0,0,1,0,1,0,0,1,0,1,0,0,0,1,1,0,1,0,1,0,0,0,1,1,0,1,1,1,0
1,0,0,1,0,1,1,0,1,0,1,0,1,0,1,1,1,0,1,0,0,0,1,1,1,1,0,1,1,1
1,1,1,1,0,1,1,1,1,1,0,1,1,0,1,0,0,0,0,0,1,0,1,0,1,0,0,1,1,1
0,0,0,1,0,0,0,0,0,0,0,0,0,1,1,1,0,0,1,0,0,0,1,1,1,1,0,1,1,1
1,0,0,1,0,1,1,0,1,0,1,0,1,0,1,1,0,1,1,0,1,0,0,0,1,1,0,0,0,1
1,1,1,1,1,0,1,0,1,0,0,0,0,0,1,0,1,1,1,1,0,1,0,1,0,0,0,1,0,0
1,1,1,1,1,1,1,0,1,1,1,1,1,0,1,1,1,1,1,1,0,1,1,0,0,0,0,1,0,1
1,1,1,1,1,1,1,1,1,1,1,0,0,0,1,1,1,1,1,1,0,1,0,0,1,0,0,1,1,1
1,1,0,1,1,1,1,0,1,1,1,1,1,1,1,1,1,1,1,1,1,1,0,1,1,1,0,1,0,1
1,1,1,1,0,0,0,0,0,0,0,0,0,0,1,1,0,1,0,0,0,0,0,1,1,1,0,1,0,1
1,1,1,1,1,1,1,1,1,1,1,1,1,0,1,1,1,1,1,1,1,0,0,1,1,1,0,1,0,1
1,0,1,1,0,1,1,1,1,1,1,1,0,1,1,1,1,1,1,1,1,0,0,0,1,0,0,1,1,1
0,1,1,1,1,0,0,0,1,1,1,0,0,1,1,0,0,0,0,0,0,0,1,0,1,0,0,0,0,0
1,0,1,1,1,0,0,0,0,1,0,0,1,0,0,0,0,1,0,0,0,0,0,0,0,0,0,0,0,0
1,1,1,1,1,1,0,0,1,1,1,1,1,1,1,1,1,1,1,1,1,1,1,1,1,0,0,1,1,1
1,0,1,1,0,0,0,0,1,0,1,0,1,0,1,1,0,0,1,0,0,0,0,0,1,0,0,1,0,0
1,1,0,1,1,0,0,0,1,1,0,0,0,0,1,0,0,1,1,1,0,0,0,0,0,0,0,1,0,1
1,1,0,0,1,1,0,0,1,1,1,1,1,0,1,0,1,0,1,1,0,1,0,1,1,0,0,1,0,0
1,0,1,1,1,1,1,0,1,1,1,0,1,0,1,1,0,1,1,1,0,0,0,0,1,0,0,1,0,1
0,0,0,1,1,1,1,1,1,1,1,0,1,0,1,1,1,1,1,1,1,0,1,1,1,1,0,0,0,1
1,0,0,1,1,0,0,0,1,0,0,0,1,0,1,1,0,1,1,0,0,0,1,1,1,0,0,1,0,1
0,0,1,1,1,0,0,0,0,0,1,0,1,0,0,0,0,1,1,1,0,0,1,1,1,0,0,0,0,0
1,0,0,1,1,1,0,0,1,0,0,0,0,0,1,1,0,0,0,1,0,0,0,0,0,0,0,1,0,1
0,0,0,0,1,0,0,0,0,0,1,0,0,0,0,0,0,1,1,0,0,0,0,0,0,0,0,0,1,0
1,0,0,1,1,1,1,0,1,1,1,1,1,0,1,1,1,1,1,1,1,0,0,1,1,1,0,1,1,1
1,1,1,1,1,0,0,0,1,1,1,1,1,1,1,1,1,1,1,1,1,0,1,1,1,1,0,1,0,1
1,1,1,1,1,1,1,1,1,1,1,0,1,0,1,1,1,1,1,1,1,0,1,0,1,0,0,0,1,1
1,1,1,1,0,0,0,0,1,1,0,0,1,0,0,1,1,1,0,0,1,0,0,1,1,0,1,0,0,0
0,1,1,0,1,0,0,0,0,0,1,0,0,0,1,0,0,0,0,0,0,0,0,0,0,0,0,0,0,0
1,0,0,1,1,0,0,0,1,0,0,0,1,1,0,0,0,0,0,0,0,0,0,0,1,0,0,1,0,0
1,0,0,0,1,0,0,0,0,1,0,0,1,0,1,1,0,0,1,0,0,0,1,0,1,0,0,0,1,1
1,0,1,0,1,0,0,0,0,1,1,0,0,0,1,0,0,0,0,0,0,0,1,0,0,0,0,0,1,0
1,1,1,1,1,0,0,0,1,0,1,0,1,0,1,1,0,1,0,1,0,0,0,0,1,0,0,1,0,0
0,1,1,1,1,1,0,0,1,1,1,0,1,1,1,1,0,1,0,1,0,0,0,1,1,0,0,1,0,1
1,1,1,1,1,1,1,0,1,1,1,1,1,0,1,1,0,1,1,1,1,0,0,1,1,1,0,0,0,1
0,0,1,0,0,0,0,0,0,1,0,0,0,0,1,0,0,0,0,1,0,0,0,0,0,0,0,0,0,0
1,0,1,0,1,0,0,0,0,0,0,0,1,0,1,0,0,0,1,0,0,0,0,1,1,0,0,0,1,0
0,1,1,1,1,0,0,0,1,1,0,1,1,1,1,1,0,1,0,1,0,0,0,0,0,0,0,1,1,1
1,1,1,1,1,1,1,0,1,1,1,1,1,1,1,1,0,1,1,1,1,0,0,1,1,1,1,0,0,0
1,1,1,1,1,1,1,0,1,1,1,0,1,1,1,1,1,1,1,1,1,0,0,1,1,1,1,1,1,1
1,1,0,1,0,1,1,0,1,1,1,0,1,0,1,0,0,0,0,0,0,0,0,0,0,0,0,0,0,0
1,1,1,1,1,0,0,0,1,1,0,0,1,0,1,1,0,0,1,1,1,0,1,1,1,1,0,0,0,1
1,1,1,1,0,1,1,0,1,1,1,0,0,0,1,1,0,1,0,0,0,0,0,1,1,1,0,0,1,1
1,0,1,0,0,0,0,0,0,0,0,0,0,1,1,0,0,0,1,0,0,0,0,1,1,0,0,1,1,0
0,0,1,1,1,0,0,0,1,0,0,0,0,0,0,1,1,0,0,0,0,0,0,1,1,0,0,1,0,0
1,0,1,1,0,0,0,0,1,1,1,0,1,0,1,0,0,0,0,0,0,0,0,0,1,1,0,0,0,1
1,1,1,1,1,1,0,0,1,1,1,1,1,0,1,1,0,1,1,0,0,1,0,1,1,0,0,0,0,1
1,0,1,0,1,0,0,0,0,0,0,0,1,0,0,0,0,0,1,0,0,0,0,0,0,0,0,0,1,0
1,1,1,1,1,0,0,0,1,0,0,0,0,0,1,0,0,0,1,0,0,0,0,0,1,0,0,1,0,1
0,0,0,0,0,0,0,0,0,0,0,0,0,0,1,0,0,0,1,0,0,0,0,0,0,0,0,1,0,0
1,0,1,1,1,0,0,0,1,1,0,0,0,0,1,0,0,0,0,0,0,0,0,0,0,0,0,0,0,0
0,0,1,1,0,0,0,0,1,1,1,0,0,0,0,0,0,0,1,0,0,0,0,1,1,0,0,1,1,1
1,0,0,1,1,0,0,0,0,0,0,0,0,0,1,0,0,0,0,0,1,0,0,0,0,0,0,0,0,1
1,1,1,1,1,1,1,0,1,1,1,1,1,0,1,1,0,1,1,1,0,1,0,1,1,1,0,1,1,1
1,0,0,0,0,0,0,0,0,1,0,0,1,0,0,0,0,0,1,0,0,0,0,1,1,0,0,1,1,0
0,0,1,1,1,0,0,0,1,1,0,0,1,1,0,1,0,1,1,1,1,0,0,1,1,0,0,0,0,1
1,1,1,1,1,1,0,0,1,1,1,0,1,0,1,0,1,1,1,1,1,0,1,1,1,1,0,1,0,1
1,0,1,1,1,1,1,0,1,1,1,0,1,0,1,1,1,1,0,1,1,1,1,1,1,1,1,1,1,1
1,1,1,1,0,1,1,0,1,1,1,1,1,0,1,1,1,1,0,1,0,0,0,1,1,1,0,1,1,1
1,1,1,1,1,1,1,1,1,1,1,1,1,1,1,1,1,1,0,0,1,0,0,1,1,1,0,0,1,1
1,1,1,1,1,1,1,0,1,1,1,1,1,1,1,1,1,1,1,1,1,1,1,1,1,1,1,1,0,1
1,1,0,1,1,0,0,0,0,0,1,0,0,0,0,0,0,0,0,0,0,0,0,0,1,0,0,0,0,0
1,0,1,0,0,1,1,0,1,0,0,0,1,0,1,1,0,1,1,1,0,0,0,1,1,0,0,0,1,0
1,1,1,1,1,1,1,0,1,1,1,1,1,1,1,1,0,1,1,1,1,1,1,1,1,1,0,1,1,1
1,1,1,1,1,1,1,1,0,1,1,1,1,0,1,1,0,1,1,1,0,0,1,1,0,1,0,1,1,1
0,0,0,1,0,0,0,0,0,0,0,0,1,0,0,0,0,0,1,0,0,0,0,0,0,0,0,0,0,0
1,1,0,0,0,0,0,0,1,1,0,0,1,0,1,1,0,1,1,0,0,0,0,1,1,0,0,0,1,1
0,0,1,0,0,0,0,0,0,1,0,0,0,0,0,0,0,0,1,0,0,0,0,0,1,0,0,0,0,0
0,0,0,0,0,0,0,0,0,0,0,0,0,0,0,0,0,0,0,0,0,0,0,0,0,0,0,0,0,0
1,0,1,1,1,1,0,0,1,0,1,0,0,0,1,0,1,1,1,0,0,0,1,1,1,0,0,0,0,1
1,1,1,1,0,0,0,0,0,1,1,0,1,0,1,1,0,1,1,0,0,0,0,0,0,0,0,0,0,0
0,1,1,0,0,0,0,0,0,1,0,0,1,1,1,0,0,0,0,0,0,0,0,0,1,0,0,0,0,0
0,0,1,0,0,0,0,0,1,0,1,0,0,1,0,0,0,0,0,0,0,0,0,0,0,0,0,1,0,1
1,0,0,0,0,0,0,0,0,0,0,0,0,0,0,1,0,0,1,0,0,0,0,0,1,0,0,0,1,1
1,0,0,1,1,0,0,0,1,1,1,0,1,0,0,1,0,1,1,0,0,0,1,1,1,1,0,0,0,1
1,1,1,1,1,1,1,0,1,1,1,1,1,0,0,1,1,1,1,1,1,0,1,1,1,1,0,1,0,1
0,0,0,1,0,0,0,1,0,1,1,0,0,0,1,0,0,0,0,0,0,0,0,0,1,0,0,0,0,1
1,1,0,0,0,1,1,0,0,0,0,0,0,0,0,0,0,0,1,0,0,0,0,1,0,0,0,0,0,0
1,0,0,1,0,0,0,0,1,0,0,0,1,1,0,0,0,0,1,1,0,0,0,0,1,0,0,1,1,1
1,0,0,0,0,0,0,0,1,1,1,0,0,0,1,0,0,0,0,0,0,0,0,1,0,0,0,1,0,0
0,1,0,1,0,1,1,0,1,0,1,0,0,1,1,0,0,1,1,0,0,1,0,0,1,0,0,0,1,1
1,0,0,0,0,1,1,0,1,1,0,0,1,0,0,1,0,0,1,1,0,0,0,0,1,0,0,0,0,0
1,0,1,0,0,1,0,0,1,1,0,1,0,0,1,1,0,0,0,0,0,0,0,0,1,0,0,0,0,1
1,0,1,1,1,1,1,0,0,0,1,0,1,0,1,1,0,1,1,1,1,0,0,1,1,1,0,1,1,1
1,0,1,1,0,1,1,0,1,1,1,0,1,0,1,1,1,1,1,1,0,0,1,1,0,0,0,0,0,0
1,1,1,1,1,1,1,0,1,0,1,0,1,1,1,1,1,1,1,0,1,0,1,1,1,1,0,1,1,1
0,1,0,0,0,0,0,0,0,0,0,0,0,0,0,0,0,0,1,1,0,0,1,0,0,0,0,0,1,0
1,1,0,1,0,1,1,1,1,1,1,0,1,0,1,1,0,1,1,0,0,0,0,1,1,0,0,1,1,1
1,1,1,1,0,1,0,1,1,1,0,1,1,0,1,1,1,1,1,1,1,0,0,0,1,1,0,1,1,1
0,0,1,0,1,0,0,0,0,1,0,0,0,0,0,0,0,0,0,0,0,0,0,0,0,0,0,0,1,0
1,0,1,1,1,0,0,0,1,0,0,0,0,0,1,0,0,0,1,0,0,0,0,1,1,0,0,1,0,1
0,0,0,0,0,0,0,0,1,0,0,0,1,1,0,0,0,0,1,0,0,0,0,0,1,0,0,0,1,0
0,0,0,0,1,0,0,0,0,1,1,0,0,1,0,0,0,0,1,0,0,0,0,0,0,0,0,0,0,1
1,0,0,0,0,0,1,0,0,0,1,0,1,1,0,0,0,0,1,0,0,0,0,0,1,0,0,0,1,0
1,0,1,1,0,1,1,0,1,1,0,0,1,0,1,1,0,1,0,1,0,0,0,0,1,0,0,1,1,0
1,0,0,0,0,0,0,0,1,0,0,0,1,0,0,1,0,0,1,0,0,0,0,1,1,1,0,0,0,0
1,0,1,1,1,0,1,0,0,1,1,0,1,0,1,1,1,0,1,1,1,0,1,1,1,0,0,1,0,1
0,0,0,0,1,0,0,0,1,0,0,0,1,1,1,0,0,0,1,0,0,0,0,0,0,0,0,0,0,0
1,0,1,0,0,1,1,0,1,1,1,0,1,0,1,0,0,0,0,0,0,0,1,1,1,0,0,0,1,1
1,0,1,0,1,1,1,0,1,1,1,0,1,0,1,0,1,1,1,1,1,0,1,0,1,0,0,1,0,1
1,0,1,1,1,0,0,0,0,0,1,0,1,1,1,1,0,1,1,1,1,0,0,1,1,0,1,1,1,1
0,0,1,0,0,0,0,0,0,0,0,0,1,0,0,0,0,0,1,0,0,0,0,1,1,1,0,0,0,0
0,1,1,1,0,1,0,0,1,1,1,0,1,0,1,1,0,1,0,1,0,0,0,1,1,0,0,0,0,0
1,0,1,1,1,1,1,0,1,1,1,1,1,0,1,1,1,1,1,1,1,0,1,1,1,1,0,1,0,0
0,0,1,0,1,0,0,0,1,0,0,0,1,0,0,0,0,0,0,0,0,0,0,0,1,0,0,0,1,0
1,0,0,1,0,1,0,0,1,0,1,0,1,0,1,1,0,1,0,0,0,0,0,1,1,0,0,1,1,0
0,0,0,0,1,0,0,0,0,1,0,0,1,0,0,1,0,0,1,0,0,0,0,0,1,0,0,1,0,0
0,0,1,1,1,0,0,0,1,0,0,0,1,0,1,1,0,0,0,1,0,0,0,0,1,0,0,0,0,0
0,0,0,0,0,1,1,0,1,0,0,0,0,0,0,1,0,0,1,1,0,0,0,0,0,0,0,0,1,0
1,0,0,0,0,0,0,0,0,0,0,0,0,0,1,0,0,0,0,0,0,0,1,0,1,1,0,0,1,0
1,0,1,1,0,1,0,0,1,1,1,0,0,0,1,0,0,1,1,1,1,0,1,0,1,0,0,1,1,0
1,1,1,1,1,0,0,0,1,1,1,0,1,0,1,1,0,1,1,1,1,0,0,0,1,0,0,1,1,1
0,1,1,1,1,0,1,0,1,1,1,0,1,0,1,0,0,1,0,0,0,0,0,1,1,1,0,0,0,0
1,0,1,1,0,1,1,0,1,1,1,0,1,0,1,1,0,1,1,1,0,0,0,1,0,0,0,0,0,0
0,0,0,0,1,0,0,0,0,0,0,0,0,0,0,0,0,0,0,0,0,0,0,0,0,0,0,0,0,0
0,1,1,1,1,1,1,0,1,0,1,0,1,0,1,0,0,1,1,1,0,0,0,1,1,0,0,0,1,1
0,1,1,1,0,1,1,0,1,0,1,0,1,0,1,0,0,0,0,0,0,0,0,0,0,0,0,0,0,0
1,1,1,0,1,1,1,0,1,1,1,0,1,0,1,1,1,1,1,1,1,0,1,1,1,1,0,0,0,1
1,1,1,1,0,1,1,0,1,0,1,1,1,0,0,1,1,0,1,1,1,0,0,1,0,0,0,0,0,0
1,0,1,1,0,1,1,0,1,0,1,0,1,0,1,1,0,1,1,1,1,0,0,1,1,0,0,1,0,1
1,0,0,0,0,0,0,0,0,0,0,0,0,0,0,0,0,0,1,0,0,0,1,0,1,0,0,0,1,1
1,1,1,1,1,1,0,0,1,1,1,1,1,0,0,0,0,1,1,1,1,0,0,0,1,0,0,1,1,1
0,0,1,1,0,0,0,0,1,0,1,0,1,0,1,1,0,1,1,1,0,0,0,1,0,1,0,0,1,1
0,0,1,0,0,0,0,0,1,0,0,0,1,0,1,0,0,0,1,0,0,0,0,0,1,1,0,1,1,0
1,0,1,1,0,1,0,0,1,1,1,0,1,0,1,1,0,1,1,1,1,0,0,1,1,1,0,0,0,0
1,0,1,1,0,1,1,1,1,0,1,0,1,1,1,0,1,1,1,1,1,0,0,1,1,0,0,1,0,1
1,1,0,1,1,0,0,0,0,0,0,0,1,1,1,0,1,0,1,1,1,0,1,1,1,0,0,1,0,1
1,0,1,1,1,1,0,0,1,0,1,0,1,0,1,1,0,1,0,1,0,0,0,0,1,0,0,0,1,1
1,1,1,1,1,1,1,0,1,0,1,0,1,0,1,1,1,1,1,1,1,0,1,1,1,0,0,0,1,1
1,1,1,1,1,1,0,1,1,1,1,0,1,0,1,1,1,1,1,1,1,1,1,1,1,0,0,0,1,1
1,1,1,1,1,1,1,0,1,1,1,0,1,1,1,1,0,1,1,1,1,0,0,1,1,0,0,1,1,1
1,1,1,1,1,1,1,0,1,1,1,1,1,0,1,1,1,1,1,1,1,0,0,1,1,1,0,1,0,0
0,1,1,1,1,0,0,0,1,1,1,0,1,0,1,1,0,1,0,1,0,0,1,0,1,0,0,0,1,1
0,0,1,1,1,0,0,0,1,0,0,0,0,0,1,0,0,1,0,0,0,0,1,1,0,0,0,0,1,1
0,0,0,0,1,0,0,0,0,0,1,0,0,0,0,0,0,0,1,0,0,0,0,0,1,0,0,1,1,0
1,0,1,0,0,1,0,0,0,0,0,0,0,0,1,0,0,0,1,1,0,0,1,1,1,0,0,0,0,0
0,0,0,1,1,0,0,0,1,0,0,0,1,0,1,1,0,1,1,0,1,0,1,1,1,1,0,0,0,1
0,0,1,1,0,0,0,0,0,0,0,0,0,0,0,0,0,0,1,1,0,0,0,1,1,0,0,0,0,0
1,0,0,1,0,0,0,0,0,0,0,0,0,0,1,0,0,1,0,1,0,0,0,1,0,0,0,0,0,1
1,1,0,0,0,0,0,0,0,0,0,0,0,1,1,0,0,0,1,1,0,0,0,1,1,0,0,1,0,1
1,0,1,1,0,1,1,0,0,0,1,0,0,0,0,0,0,1,1,0,0,0,0,1,1,0,0,0,1,1
0,0,1,1,0,0,0,0,0,1,1,0,1,0,0,0,0,0,1,0,0,0,1,0,0,0,0,0,0,0
1,0,1,1,0,0,0,0,1,1,0,0,0,0,1,0,0,0,1,0,0,0,0,0,0,1,0,0,0,0
0,1,0,0,0,0,0,0,0,0,0,0,0,0,1,0,0,0,0,0,0,0,1,0,1,0,0,0,0,0
0,1,1,1,1,1,1,1,1,1,1,0,1,1,1,1,1,0,0,0,0,0,1,1,1,1,0,1,0,0
1,1,1,1,0,0,0,0,1,1,1,1,1,0,1,1,1,1,1,1,1,0,1,1,1,1,0,1,1,1
0,0,1,0,0,0,0,0,0,0,0,0,1,0,0,0,0,0,0,0,0,0,1,0,0,0,0,0,0,0
1,0,0,0,0,0,0,0,0,0,0,0,1,0,0,0,0,1,0,0,0,0,1,1,0,1,0,0,1,0
0,0,0,0,0,0,0,0,0,0,0,0,0,0,0,0,0,0,1,0,0,0,0,0,0,0,0,0,0,0
1,1,1,1,0,1,1,0,1,0,1,1,1,0,1,1,1,1,1,1,0,0,1,1,1,0,0,1,1,1
1,1,1,0,1,0,0,0,1,1,1,0,1,0,1,0,1,1,0,0,0,0,0,1,1,1,0,1,1,1
1,0,1,1,0,1,1,0,0,1,0,0,1,0,1,1,0,0,1,1,1,0,0,1,1,1,0,0,0,1
1,0,0,0,1,1,0,0,0,0,0,0,1,0,1,0,0,0,1,1,0,0,0,1,0,0,0,1,1,1
0,0,1,0,0,0,0,0,1,1,0,0,1,0,1,0,0,0,0,0,0,0,0,0,0,0,0,0,0,0
1,0,0,0,0,0,0,0,1,1,0,0,0,0,0,0,0,0,1,0,0,0,0,1,0,0,0,1,1,0
1,0,1,0,0,0,0,0,1,0,0,0,0,0,1,1,0,0,0,1,0,0,0,0,0,0,0,1,0,0
1,0,0,0,0,0,1,0,0,0,0,0,0,0,1,0,0,0,1,1,0,0,0,1,1,0,0,0,0,1
1,1,1,1,0,1,0,1,1,1,1,0,1,0,1,1,1,1,0,1,1,0,0,1,0,1,0,0,1,1
1,1,0,1,0,0,0,1,0,1,1,0,1,0,1,1,1,1,1,1,0,0,1,1,1,1,0,1,0,1
1,1,0,1,0,1,0,0,1,1,1,0,1,0,1,1,0,1,1,1,1,0,1,0,1,0,0,1,0,1
1,1,0,0,1,0,0,0,0,1,0,0,0,0,1,0,0,0,1,0,0,0,1,0,1,0,0,1,0,0
1,1,1,1,1,0,0,0,1,1,1,0,1,0,1,1,0,1,1,1,1,0,0,0,1,0,0,1,0,1
0,1,0,1,0,1,1,0,0,0,1,0,0,0,1,1,0,0,1,0,0,0,0,1,1,0,0,1,1,1
0,0,1,0,1,0,0,0,1,0,0,0,0,0,1,0,0,0,1,1,0,0,0,0,1,0,0,1,1,1
1,0,1,0,0,1,0,0,1,0,0,0,1,0,1,0,0,0,0,0,0,0,1,0,1,1,0,0,0,0
1,0,1,0,0,0,0,0,0,1,1,0,0,0,1,0,0,0,1,0,0,0,0,0,1,0,0,0,1,0
1,0,1,1,0,0,0,0,1,1,1,0,0,0,1,0,0,1,0,0,0,0,1,1,1,0,0,1,0,1
0,0,0,0,0,0,0,0,0,1,0,0,0,0,1,0,0,0,0,0,0,0,0,0,0,1,0,0,0,0
1,0,0,0,0,0,0,0,1,0,1,0,0,0,0,0,0,0,0,1,0,0,0,0,1,0,0,0,1,0
1,1,1,0,0,0,0,0,1,0,0,0,1,1,0,0,0,0,0,0,0,0,0,0,0,0,0,0,0,0
1,0,1,0,1,1,1,1,1,1,1,1,1,0,1,0,0,1,1,1,1,0,0,0,0,0,0,1,0,1
1,1,0,1,1,0,0,0,1,0,0,0,1,0,1,0,0,1,1,1,0,0,0,0,1,0,0,0,0,0
1,0,1,1,1,0,1,0,1,0,0,0,0,0,0,0,0,0,1,0,0,0,0,0,0,1,0,0,0,0
1,0,0,1,1,0,0,0,1,0,1,1,1,1,1,1,0,0,0,0,0,0,0,0,0,0,0,1,1,0
